Id,poligon,ndvi,ndre,savi,arvi,gndvi,N ,P ,K ,Mg 
1,1,0.9077597,0.2961825,0.6896765,0.8288169,0.8172478, 2.78 , 0.11 , 0.49 , 0.32 
2,2,0.9070889,0.292151,0.7161533,0.8273264,0.8252813, 2.78 , 0.11 , 0.49 , 0.32 
3,3,0.9135391,0.3467618,0.4387296,0.8397794,0.8493382, 2.78 , 0.11 , 0.49 , 0.32 
4,4,0.9076493,0.3804224,0.3422425,0.8295892,0.8547892, 2.78 , 0.11 , 0.49 , 0.32 
5,5,0.8488888,0.2949485,0.7524641,0.7305437,0.7697142, 2.78 , 0.11 , 0.49 , 0.32 
6,6,0.8931989,0.3695931,0.3647829,0.8043594,0.8340275, 2.78 , 0.11 , 0.49 , 0.32 
7,7,0.8871781,0.2635943,0.628924,0.7928360,0.7989417, 2.78 , 0.11 , 0.49 , 0.32 
8,8,0.8966287,0.2759376,0.6794009,0.8095297,0.8134128, 2.78 , 0.11 , 0.49 , 0.32 
9,9,0.9126176,0.3312365,0.6785837,0.8376115,0.8146194, 2.78 , 0.11 , 0.49 , 0.32 
10,10,0.8808218,0.2303369,0.6236601,0.7822068,0.7651221, 2.78 , 0.11 , 0.49 , 0.32 
11,11,0.9007939,0.2707471,0.5903602,0.8161222,0.8126285, 2.78 , 0.11 , 0.49 , 0.32 
12,12,0.9321833,0.3635138,0.7427152,0.8717219,0.8761417, 2.78 , 0.11 , 0.49 , 0.32 
13,13,0.889508,0.2869669,0.4798449,0.7977763,0.7975685, 2.78 , 0.11 , 0.49 , 0.32 
14,14,0.7009846,0.1660995,0.4583097,0.5068120,0.6429060, 2.78 , 0.11 , 0.49 , 0.32 
15,15,0.7991826,0.2345304,0.4864525,0.6504370,0.7333675, 2.78 , 0.11 , 0.49 , 0.32 
16,16,0.8694771,0.248698,0.6458083,0.7638448,0.7561785, 2.78 , 0.11 , 0.49 , 0.32 
17,17,0.8487763,0.2712293,0.8616732,0.7312048,0.7697627, 2.78 , 0.11 , 0.49 , 0.32 
18,18,0.9187714,0.3219327,0.5509844,0.8483101,0.8370524, 2.78 , 0.11 , 0.49 , 0.32 
19,19,0.8628964,0.3202769,0.5496882,0.7526288,0.7911198, 2.78 , 0.11 , 0.49 , 0.32 
20,20,0.820242,0.2191848,0.2433774,0.6865018,0.7839556, 2.78 , 0.11 , 0.49 , 0.32 
21,21,0.9144576,0.3679608,0.7250232,0.8401943,0.8601414, 2.78 , 0.11 , 0.49 , 0.32 
22,22,0.9058276,0.3159779,0.5908223,0.8249002,0.8418251, 2.78 , 0.11 , 0.49 , 0.32 
23,23,0.9256294,0.3094313,0.6718057,0.8601149,0.8322892, 2.78 , 0.11 , 0.49 , 0.32 
24,24,0.8460399,0.2438139,0.3067957,0.7252020,0.7169543, 2.78 , 0.11 , 0.49 , 0.32 
25,25,0.8890422,0.3105041,0.6876932,0.7978179,0.7880583, 2.78 , 0.11 , 0.49 , 0.32 
26,26,0.9073737,0.3043021,0.7813366,0.8283388,0.8396977, 2.78 , 0.11 , 0.49 , 0.32 
27,27,0.8191175,0.2890242,0.6170751,0.6797112,0.7507071, 2.78 , 0.11 , 0.49 , 0.32 
28,28,0.867157,0.3251517,0.5153806,0.7588490,0.8158818, 2.78 , 0.11 , 0.49 , 0.32 
29,29,0.9044842,0.3032202,0.5347423,0.8231591,0.7966650, 2.78 , 0.11 , 0.49 , 0.32 
30,30,0.8758364,0.270518,0.6578125,0.7753583,0.7768342, 2.78 , 0.11 , 0.49 , 0.32 
31,31,0.8833669,0.2515899,0.6863078,0.7875519,0.7824622, 2.78 , 0.11 , 0.49 , 0.32 
32,32,0.7578883,0.2448216,0.4213223,0.5859189,0.7016265, 2.78 , 0.11 , 0.49 , 0.32 
33,33,0.8889832,0.3090919,0.6049571,0.7970117,0.7779842, 2.78 , 0.11 , 0.49 , 0.32 
34,34,0.926489,0.3101198,0.6854836,0.8620982,0.8462517, 2.78 , 0.11 , 0.49 , 0.32 
35,35,0.8654038,0.2794981,0.5819656,0.7570920,0.7521892, 2.78 , 0.11 , 0.49 , 0.32 
36,36,0.8954549,0.3030707,0.6473085,0.8078529,0.8117011, 2.78 , 0.11 , 0.49 , 0.32 
37,37,0.895503,0.2768281,0.5669411,0.8073071,0.7994130, 2.78 , 0.11 , 0.49 , 0.32 
38,38,0.8679864,0.3157799,0.4938152,0.7617299,0.7421283, 2.78 , 0.11 , 0.49 , 0.32 
39,39,0.9339462,0.4071001,0.6498323,0.8750660,0.8706732, 2.78 , 0.11 , 0.49 , 0.32 
40,40,0.8825046,0.2835599,0.6589073,0.7855486,0.7960027, 2.78 , 0.11 , 0.49 , 0.32 
41,41,0.9300634,0.2889409,0.7724657,0.8684447,0.8303781, 2.78 , 0.11 , 0.49 , 0.32 
42,42,0.8922364,0.2626239,0.7278126,0.8029015,0.7971064, 2.78 , 0.11 , 0.49 , 0.32 
43,43,0.8919147,0.2996116,0.471869,0.8019305,0.7956541, 2.78 , 0.11 , 0.49 , 0.32 
44,44,0.8345506,0.2033369,0.447366,0.7078712,0.7307048, 2.78 , 0.11 , 0.49 , 0.32 
45,45,0.931514,0.3547075,0.5842076,0.8713779,0.8459551, 2.78 , 0.11 , 0.49 , 0.32 
46,46,0.7685271,0.1687728,0.4712325,0.6034054,0.6633393, 2.78 , 0.11 , 0.49 , 0.32 
47,47,0.9036282,0.3164746,0.6139215,0.8214791,0.8075342, 2.78 , 0.11 , 0.49 , 0.32 
48,48,0.8867201,0.241025,0.6100588,0.7926837,0.7764975, 2.78 , 0.11 , 0.49 , 0.32 
49,49,0.7829258,0.1963035,0.3281333,0.6273741,0.6990331, 2.78 , 0.11 , 0.49 , 0.32 
50,50,0.9200104,0.2658817,0.6984257,0.8503365,0.8122153, 2.78 , 0.11 , 0.49 , 0.32 
51,51,0.8927247,0.3332501,0.5382571,0.8032980,0.8061612, 2.78 , 0.11 , 0.49 , 0.32 
52,52,0.8917345,0.2002009,0.7160631,0.8008474,0.7501862, 2.78 , 0.11 , 0.49 , 0.32 
53,53,0.9102652,0.2093856,0.7399828,0.8321019,0.7686356, 2.78 , 0.11 , 0.49 , 0.32 
54,54,0.8324627,0.1932786,0.5900931,0.7021252,0.7237900, 2.78 , 0.11 , 0.49 , 0.32 
55,55,0.8966218,0.359539,0.5785854,0.8102543,0.8303687, 2.78 , 0.11 , 0.49 , 0.32 
56,56,0.8691555,0.3076246,0.6853103,0.7631984,0.7812720, 2.78 , 0.11 , 0.49 , 0.32 
57,57,0.9215813,0.3046121,0.6654222,0.8527609,0.8172061, 2.78 , 0.11 , 0.49 , 0.32 
58,58,0.9071283,0.3038737,0.6758448,0.8280424,0.8224249, 2.78 , 0.11 , 0.49 , 0.32 
59,59,0.8450265,0.2292084,0.7330073,0.7244908,0.7568969, 2.78 , 0.11 , 0.49 , 0.32 
60,60,0.8900331,0.2228009,0.7349674,0.7977454,0.7669167, 2.78 , 0.11 , 0.49 , 0.32 
61,61,0.9061889,0.3040875,0.7238526,0.8264904,0.8208445, 2.78 , 0.11 , 0.49 , 0.32 
62,62,0.8459105,0.2047225,0.7066231,0.7236562,0.6805872, 2.78 , 0.11 , 0.49 , 0.32 
63,63,0.9438018,0.353044,0.7356595,0.8928879,0.8738130, 2.78 , 0.11 , 0.49 , 0.32 
64,64,0.8573264,0.2773915,0.7639303,0.7453611,0.7728031, 2.78 , 0.11 , 0.49 , 0.32 
65,65,0.9244584,0.3772896,0.5810085,0.8580416,0.8626538, 2.78 , 0.11 , 0.49 , 0.32 
66,66,0.9205962,0.2932029,0.7312304,0.8507538,0.8014542, 2.78 , 0.11 , 0.49 , 0.32 
67,67,0.8636029,0.29913,0.5297475,0.7526439,0.7674963, 2.78 , 0.11 , 0.49 , 0.32 
68,68,0.8529424,0.2699772,0.6223077,0.7363693,0.7711647, 2.78 , 0.11 , 0.49 , 0.32 
69,69,0.9199499,0.3225682,0.7166171,0.8503630,0.8420042, 2.78 , 0.11 , 0.49 , 0.32 
70,70,0.9352172,0.3658302,0.7072657,0.8775098,0.8600277, 3.73 , 0.12 , 0.71 , 0.40 
71,71,0.9240678,0.3301488,0.6946684,0.8578264,0.8346907, 3.73 , 0.12 , 0.71 , 0.40 
72,72,0.8466794,0.1791192,0.6418651,0.7248124,0.6993254, 3.73 , 0.12 , 0.71 , 0.40 
73,73,0.916765,0.3503172,0.7381536,0.8448374,0.8360893, 3.73 , 0.12 , 0.71 , 0.40 
74,74,0.8946982,0.2690726,0.7797611,0.8066440,0.7802739, 3.73 , 0.12 , 0.71 , 0.40 
75,75,0.8809978,0.2718895,0.788781,0.7834057,0.7801159, 3.73 , 0.12 , 0.71 , 0.40 
76,76,0.9148214,0.3201363,0.6567469,0.8417127,0.8421654, 3.73 , 0.12 , 0.71 , 0.40 
77,77,0.8760147,0.3131488,0.5676863,0.7741010,0.7954720, 3.73 , 0.12 , 0.71 , 0.40 
78,78,0.8842798,0.3193074,0.5504469,0.7884220,0.7952907, 3.73 , 0.12 , 0.71 , 0.40 
79,79,0.8980923,0.2400923,0.6701133,0.8113753,0.7511205, 3.73 , 0.12 , 0.71 , 0.40 
80,80,0.916209,0.3444956,0.7429228,0.8439240,0.8340541, 3.73 , 0.12 , 0.71 , 0.40 
81,81,0.9205329,0.3463842,0.6014915,0.8514456,0.8303232, 3.73 , 0.12 , 0.71 , 0.40 
82,82,0.9157676,0.3282401,0.7253203,0.8432595,0.8377564, 3.73 , 0.12 , 0.71 , 0.40 
83,83,0.8994523,0.2184581,0.7366112,0.8143604,0.7872568, 3.73 , 0.12 , 0.71 , 0.40 
84,84,0.8961849,0.2788613,0.6610661,0.8087577,0.8060278, 3.73 , 0.12 , 0.71 , 0.40 
85,85,0.9041817,0.3202992,0.7136635,0.8225100,0.8070551, 3.73 , 0.12 , 0.71 , 0.40 
86,86,0.8885395,0.3124718,0.7482586,0.7964803,0.8035827, 3.73 , 0.12 , 0.71 , 0.40 
87,87,0.8855147,0.3039125,0.6280787,0.7901479,0.7651267, 3.73 , 0.12 , 0.71 , 0.40 
88,88,0.9075358,0.3114533,0.7460084,0.8290563,0.8264853, 3.73 , 0.12 , 0.71 , 0.40 
89,89,0.931558,0.2830202,0.7859614,0.8707855,0.8656570, 3.73 , 0.12 , 0.71 , 0.40 
90,90,0.8988802,0.3227462,0.7081757,0.8128212,0.7923747, 3.73 , 0.12 , 0.71 , 0.40 
91,91,0.882046,0.2797017,0.7223304,0.7849990,0.7741734, 3.73 , 0.12 , 0.71 , 0.40 
92,92,0.9260255,0.3137493,0.6306536,0.8612693,0.8344529, 3.73 , 0.12 , 0.71 , 0.40 
93,93,0.9073839,0.3221167,0.6235188,0.8282056,0.8108656, 3.73 , 0.12 , 0.71 , 0.40 
94,94,0.9207909,0.3321348,0.7200405,0.8522653,0.8420816, 3.73 , 0.12 , 0.71 , 0.40 
95,95,0.9032612,0.3205589,0.75622,0.8211343,0.8354212, 3.73 , 0.12 , 0.71 , 0.40 
96,96,0.9223278,0.3360521,0.7165509,0.8545142,0.8338270, 3.73 , 0.12 , 0.71 , 0.40 
97,97,0.9045793,0.3167416,0.7627653,0.8235809,0.8142397, 3.73 , 0.12 , 0.71 , 0.40 
98,98,0.8834348,0.3010384,0.615198,0.7874324,0.7859288, 3.73 , 0.12 , 0.71 , 0.40 
99,99,0.922388,0.3079091,0.7535638,0.8542116,0.8285468, 3.73 , 0.12 , 0.71 , 0.40 
100,100,0.9142568,0.2858371,0.7096747,0.8406459,0.8162702, 3.73 , 0.12 , 0.71 , 0.40 
101,101,0.9158359,0.3219653,0.6552579,0.8432222,0.8446028, 3.73 , 0.12 , 0.71 , 0.40 
102,102,0.8926358,0.3372939,0.4871791,0.8030862,0.8230729, 3.73 , 0.12 , 0.71 , 0.40 
103,103,0.9393705,0.3809595,0.7389737,0.8847403,0.8713555, 3.73 , 0.12 , 0.71 , 0.40 
104,104,0.9301467,0.348139,0.7840242,0.8684430,0.8602317, 3.73 , 0.12 , 0.71 , 0.40 
105,105,0.9250239,0.3234048,0.7416024,0.8592892,0.8377315, 3.73 , 0.12 , 0.71 , 0.40 
106,106,0.917812,0.267048,0.7575914,0.8464087,0.8259213, 3.73 , 0.12 , 0.71 , 0.40 
107,107,0.9052595,0.2737856,0.762247,0.8249813,0.7653283, 3.73 , 0.12 , 0.71 , 0.40 
108,108,0.913123,0.3051822,0.6288162,0.8381937,0.8282076, 3.73 , 0.12 , 0.71 , 0.40 
109,109,0.9032583,0.3257661,0.6980602,0.8206655,0.7824306, 3.73 , 0.12 , 0.71 , 0.40 
110,110,0.8854272,0.248314,0.6828094,0.7901931,0.7650943, 3.73 , 0.12 , 0.71 , 0.40 
111,111,0.8790728,0.3201748,0.6404395,0.7800665,0.7907169, 3.73 , 0.12 , 0.71 , 0.40 
112,112,0.8898204,0.3084286,0.6544458,0.7989156,0.7926378, 3.73 , 0.12 , 0.71 , 0.40 
113,113,0.9276366,0.3069055,0.6539977,0.8634582,0.8325245, 3.73 , 0.12 , 0.71 , 0.40 
114,114,0.938286,0.3670941,0.6355529,0.8831017,0.8666736, 3.73 , 0.12 , 0.71 , 0.40 
115,115,0.8977673,0.2998674,0.6955053,0.8119180,0.8034853, 3.73 , 0.12 , 0.71 , 0.40 
116,116,0.8958219,0.3168121,0.6280518,0.8087384,0.8036189, 3.49 , 0.12 , 0.72 , 0.30 
117,117,0.8859472,0.293216,0.7406424,0.7914595,0.8025697, 3.49 , 0.12 , 0.72 , 0.30 
118,118,0.9283004,0.3581448,0.7111753,0.8652390,0.8542584, 3.49 , 0.12 , 0.72 , 0.30 
119,119,0.9003052,0.3085835,0.636465,0.8156210,0.8152362, 3.49 , 0.12 , 0.72 , 0.30 
120,120,0.8960541,0.2555195,0.7243604,0.8088545,0.7769946, 3.49 , 0.12 , 0.72 , 0.30 
121,121,0.8848784,0.1649905,0.7554844,0.7894841,0.7165858, 3.49 , 0.12 , 0.72 , 0.30 
122,122,0.8357413,0.1481306,0.6821206,0.7080972,0.6587272, 3.49 , 0.12 , 0.72 , 0.30 
123,123,0.8680841,0.2032797,0.7223527,0.7609669,0.7287277, 3.49 , 0.12 , 0.72 , 0.30 
124,124,0.9207535,0.3206754,0.6944442,0.8515076,0.8464555, 3.49 , 0.12 , 0.72 , 0.30 
125,125,0.9159939,0.3282588,0.6704737,0.8437485,0.8313339, 3.49 , 0.12 , 0.72 , 0.30 
126,126,0.9098877,0.3219711,0.6697072,0.8325157,0.8162284, 3.49 , 0.12 , 0.72 , 0.30 
127,127,0.9008594,0.2929074,0.7495493,0.8171489,0.7955205, 3.49 , 0.12 , 0.72 , 0.30 
128,128,0.8834887,0.2683682,0.6147902,0.7878504,0.7784424, 3.49 , 0.12 , 0.72 , 0.30 
129,129,0.9030864,0.3022347,0.725245,0.8211854,0.8171225, 3.49 , 0.12 , 0.72 , 0.30 
130,130,0.9152374,0.3328503,0.6582083,0.8419051,0.8379393, 3.49 , 0.12 , 0.72 , 0.30 
131,131,0.8960694,0.2876656,0.6037756,0.8085142,0.7900833, 3.49 , 0.12 , 0.72 , 0.30 
132,132,0.9032808,0.3462344,0.7267095,0.8215200,0.8131973, 3.49 , 0.12 , 0.72 , 0.30 
133,133,0.8842015,0.3009192,0.6185444,0.7883795,0.7780557, 3.49 , 0.12 , 0.72 , 0.30 
134,134,0.9058241,0.2979436,0.5893363,0.8257653,0.8032566, 3.49 , 0.12 , 0.72 , 0.30 
135,135,0.8952261,0.2431724,0.7475003,0.8073252,0.7484573, 3.49 , 0.12 , 0.72 , 0.30 
136,136,0.9002568,0.2586669,0.7423776,0.8162208,0.7914994, 3.49 , 0.12 , 0.72 , 0.30 
137,137,0.9058428,0.3333724,0.6866316,0.8252227,0.8353721, 3.49 , 0.12 , 0.72 , 0.30 
138,138,0.8471658,0.2168083,0.597728,0.7262376,0.7059159, 3.49 , 0.12 , 0.72 , 0.30 
139,139,0.897339,0.288278,0.7644448,0.8112942,0.7957538, 3.49 , 0.12 , 0.72 , 0.30 
140,140,0.92382,0.326768,0.7202836,0.8567634,0.8353892, 3.49 , 0.12 , 0.72 , 0.30 
141,141,0.880385,0.2763765,0.6202983,0.7814607,0.7828777, 3.49 , 0.12 , 0.72 , 0.30 
142,142,0.9124349,0.3055351,0.7832201,0.8374510,0.8328016, 3.49 , 0.12 , 0.72 , 0.30 
143,143,0.913452,0.2653194,0.7244191,0.8390104,0.8125280, 3.49 , 0.12 , 0.72 , 0.30 
144,144,0.9067801,0.3365195,0.638046,0.8273823,0.8312842, 3.49 , 0.12 , 0.72 , 0.30 
145,145,0.8864918,0.2585553,0.6064298,0.7925668,0.7870849, 3.49 , 0.12 , 0.72 , 0.30 
146,146,0.9001287,0.2863549,0.7443049,0.8156825,0.7914493, 3.49 , 0.12 , 0.72 , 0.30 
147,147,0.9118533,0.3005144,0.7126528,0.8353615,0.8175561, 3.49 , 0.12 , 0.72 , 0.30 
148,148,0.928485,0.3085567,0.7190471,0.8658225,0.8442388, 3.49 , 0.12 , 0.72 , 0.30 
149,149,0.9259284,0.3196903,0.6590514,0.8608028,0.8518337, 3.49 , 0.12 , 0.72 , 0.30 
150,150,0.8881908,0.2852389,0.6928862,0.7951291,0.7754773, 3.49 , 0.12 , 0.72 , 0.30 
151,151,0.8776354,0.2964454,0.6664584,0.7772111,0.7800518, 3.49 , 0.12 , 0.72 , 0.30 
152,152,0.9154102,0.305437,0.6850598,0.8423906,0.8363776, 3.49 , 0.12 , 0.72 , 0.30 
153,153,0.8880194,0.2475698,0.72912,0.7954932,0.7868457, 3.49 , 0.12 , 0.72 , 0.30 
154,154,0.8988023,0.2939237,0.7007343,0.8133599,0.7988721, 3.49 , 0.12 , 0.72 , 0.30 
155,155,0.9001166,0.2919271,0.7755132,0.8160971,0.8214160, 3.49 , 0.12 , 0.72 , 0.30 
156,156,0.8943523,0.3173853,0.7082826,0.8066108,0.8015747, 3.49 , 0.12 , 0.72 , 0.30 
157,157,0.8928097,0.3105034,0.6297582,0.8026384,0.8083949, 3.49 , 0.12 , 0.72 , 0.30 
158,158,0.9098914,0.284727,0.7648764,0.8325357,0.8105890, 3.49 , 0.12 , 0.72 , 0.30 
159,159,0.9117082,0.3049268,0.7534707,0.8356907,0.8239373, 3.49 , 0.12 , 0.72 , 0.30 
160,160,0.9166721,0.2924668,0.7525408,0.8445530,0.8144001, 3.49 , 0.12 , 0.72 , 0.30 
161,161,0.9348016,0.4415833,0.6596993,0.8767298,0.8791281, 3.49 , 0.12 , 0.72 , 0.30 
162,162,0.9049721,0.3192335,0.7416808,0.8249166,0.8285078, 3.49 , 0.12 , 0.72 , 0.30 
163,163,0.910212,0.3383782,0.7331504,0.8328865,0.8322446, 3.49 , 0.12 , 0.72 , 0.30 
164,164,0.9302924,0.401401,0.6513348,0.8689500,0.8647592, 3.49 , 0.12 , 0.72 , 0.30 
165,165,0.9375743,0.3632921,0.7639032,0.8814712,0.8705556, 3.49 , 0.12 , 0.72 , 0.30 
166,166,0.9110724,0.3518142,0.6573479,0.8352570,0.8328599, 3.49 , 0.12 , 0.72 , 0.30 
167,167,0.8917572,0.2737354,0.6001981,0.8012862,0.7769688, 3.49 , 0.12 , 0.72 , 0.30 
168,168,0.8953943,0.3116527,0.7207103,0.8082524,0.8212268, 3.49 , 0.12 , 0.72 , 0.30 
169,169,0.9172987,0.265992,0.8030204,0.8456646,0.8135096, 3.49 , 0.12 , 0.72 , 0.30 
170,170,0.9043945,0.3031828,0.7341281,0.8231066,0.8045657, 3.49 , 0.12 , 0.72 , 0.30 
171,171,0.8318505,0.2885486,0.458214,0.7045807,0.7109101, 3.19 , 0.11 , 0.47 , 0.46 
172,172,0.8752942,0.332577,0.5089689,0.7726585,0.7961342, 3.19 , 0.11 , 0.47 , 0.46 
173,173,0.9119927,0.2634007,0.738704,0.8365046,0.8132605, 3.19 , 0.11 , 0.47 , 0.46 
174,174,0.8930116,0.3160146,0.6485801,0.8031321,0.8071076, 3.19 , 0.11 , 0.47 , 0.46 
175,175,0.9103435,0.3286211,0.6322184,0.8331571,0.8350810, 3.19 , 0.11 , 0.47 , 0.46 
176,176,0.902117,0.2819186,0.6850481,0.8195438,0.8060997, 3.19 , 0.11 , 0.47 , 0.46 
177,177,0.865199,0.2900916,0.5454695,0.7551351,0.7635609, 3.19 , 0.11 , 0.47 , 0.46 
178,178,0.8708991,0.2650018,0.7618625,0.7663152,0.7904249, 3.19 , 0.11 , 0.47 , 0.46 
179,179,0.8974072,0.3391843,0.5260174,0.8112239,0.8330257, 3.19 , 0.11 , 0.47 , 0.46 
180,180,0.859894,0.284848,0.8040624,0.7489622,0.7698854, 3.19 , 0.11 , 0.47 , 0.46 
181,181,0.9211298,0.3532312,0.5620164,0.8524854,0.8266178, 3.19 , 0.11 , 0.47 , 0.46 
182,182,0.9208053,0.2650077,0.7964548,0.8517942,0.8084983, 3.19 , 0.11 , 0.47 , 0.46 
183,183,0.8980393,0.2503843,0.742902,0.8113160,0.7822273, 3.19 , 0.11 , 0.47 , 0.46 
184,184,0.9139124,0.3508995,0.6748884,0.8393512,0.8234528, 3.19 , 0.11 , 0.47 , 0.46 
185,185,0.942035,0.4158882,0.7053019,0.8892686,0.8641656, 3.19 , 0.11 , 0.47 , 0.46 
186,186,0.9157424,0.2497716,0.6729796,0.8417926,0.7942605, 3.19 , 0.11 , 0.47 , 0.46 
187,187,0.9238197,0.2848588,0.735957,0.8567601,0.8200832, 3.19 , 0.11 , 0.47 , 0.46 
188,188,0.8849131,0.2400038,0.763792,0.7893102,0.7730074, 3.19 , 0.11 , 0.47 , 0.46 
189,189,0.8617502,0.2530731,0.6743003,0.7497433,0.7588140, 3.19 , 0.11 , 0.47 , 0.46 
190,190,0.9151796,0.2813131,0.7858213,0.8416484,0.8308261, 3.19 , 0.11 , 0.47 , 0.46 
191,191,0.9151796,0.2813131,0.7858213,0.8416484,0.8308261, 3.19 , 0.11 , 0.47 , 0.46 
192,192,0.9182975,0.3734374,0.7063193,0.8470555,0.8716218, 3.19 , 0.11 , 0.47 , 0.46 
193,193,0.8629474,0.2876556,0.5888067,0.7525843,0.7768220, 3.19 , 0.11 , 0.47 , 0.46 
194,194,0.9360076,0.3527084,0.6753208,0.8789880,0.8615437, 3.19 , 0.11 , 0.47 , 0.46 
195,195,0.9275818,0.3056632,0.748734,0.8634807,0.8287748, 3.19 , 0.11 , 0.47 , 0.46 
196,196,0.9126936,0.3218285,0.6348686,0.8374490,0.8076805, 3.19 , 0.11 , 0.47 , 0.46 
197,197,0.9161298,0.2582814,0.6356397,0.8435943,0.8118364, 3.19 , 0.11 , 0.47 , 0.46 
198,198,0.9120234,0.2948897,0.6317623,0.8360749,0.8378203, 3.19 , 0.11 , 0.47 , 0.46 
199,199,0.9497434,0.3605435,0.7400983,0.9036611,0.8766780, 3.19 , 0.11 , 0.47 , 0.46 
200,200,0.9397922,0.35526,0.680329,0.8859366,0.8656101, 3.19 , 0.11 , 0.47 , 0.46 
201,201,0.9351653,0.3397131,0.6444863,0.8770967,0.8453354, 3.19 , 0.11 , 0.47 , 0.46 
202,202,0.8752942,0.332577,0.5089689,0.7726585,0.7961342, 3.19 , 0.11 , 0.47 , 0.46 
203,203,0.8726782,0.2943669,0.7634094,0.7673744,0.7498410, 3.19 , 0.11 , 0.47 , 0.46 
204,204,0.9120234,0.2948897,0.6317623,0.8360749,0.8378203, 3.19 , 0.11 , 0.47 , 0.46 
205,205,0.9199308,0.3152457,0.5385503,0.8505690,0.8347691, 3.19 , 0.11 , 0.47 , 0.46 
206,206,0.9425427,0.3591422,0.7319535,0.8904466,0.8634692, 3.19 , 0.11 , 0.47 , 0.46 
207,207,0.8019769,0.2351506,0.4379755,0.6538728,0.7177555, 3.19 , 0.11 , 0.47 , 0.46 
208,208,0.9288751,0.3163708,0.6295578,0.8662795,0.8368090, 3.19 , 0.11 , 0.47 , 0.46 
209,209,0.9113401,0.2454381,0.8030274,0.8336352,0.7654933, 3.19 , 0.11 , 0.47 , 0.46 
210,210,0.9008482,0.298052,0.8381259,0.8164222,0.8075567, 3.19 , 0.11 , 0.47 , 0.46 
211,211,0.921406,0.240183,0.7664078,0.8519204,0.7971736, 3.19 , 0.11 , 0.47 , 0.46 
212,212,0.9104872,0.3398541,0.7893867,0.8336083,0.8307071, 3.19 , 0.11 , 0.47 , 0.46 
213,213,0.9334027,0.3524783,0.6335534,0.8743175,0.8615206, 3.19 , 0.11 , 0.47 , 0.46 
214,214,0.9190478,0.3145097,0.7947658,0.8488370,0.8433658, 3.19 , 0.11 , 0.47 , 0.46 
215,215,0.9502171,0.4214614,0.6810939,0.9048396,0.8961297, 3.19 , 0.11 , 0.47 , 0.46 
216,216,0.9252502,0.369003,0.7685614,0.8598522,0.8550512, 3.19 , 0.11 , 0.47 , 0.46 
217,217,0.880016,0.3178978,0.3936914,0.7817404,0.8118870, 3.19 , 0.11 , 0.47 , 0.46 
218,218,0.9206991,0.3184605,0.6704761,0.8514040,0.8373497, 3.19 , 0.11 , 0.47 , 0.46 
219,219,0.9236189,0.2779064,0.7986231,0.8565022,0.8150342, 3.19 , 0.11 , 0.47 , 0.46 
220,220,0.9068154,0.2685087,0.7591413,0.8266286,0.8148684, 3.19 , 0.11 , 0.47 , 0.46 
221,221,0.8950333,0.3088411,0.789124,0.8074609,0.8259220, 3.19 , 0.11 , 0.47 , 0.46 
222,222,0.8620719,0.2690568,0.5534686,0.7497424,0.7799582, 3.19 , 0.11 , 0.47 , 0.46 
223,223,0.9209038,0.3148387,0.7251481,0.8525082,0.8441027, 3.19 , 0.11 , 0.47 , 0.46 
224,224,0.9040247,0.3288836,0.6920002,0.8223923,0.8338758, 3.45 , 0.12 , 0.71 , 0.31 
225,225,0.8717474,0.2340338,0.70394,0.7680316,0.7529229, 3.45 , 0.12 , 0.71 , 0.31 
226,226,0.9026046,0.3226356,0.593237,0.8195468,0.8158024, 3.45 , 0.12 , 0.71 , 0.31 
227,227,0.9257861,0.3394165,0.6922986,0.8603084,0.8615709, 3.45 , 0.12 , 0.71 , 0.31 
228,228,0.9238415,0.3974065,0.5845945,0.8575413,0.8511510, 3.45 , 0.12 , 0.71 , 0.31 
229,229,0.9012185,0.2223586,0.8169665,0.8163022,0.7789589, 3.45 , 0.12 , 0.71 , 0.31 
230,230,0.8876613,0.2724033,0.7042595,0.7937850,0.7955342, 3.45 , 0.12 , 0.71 , 0.31 
231,231,0.9237499,0.3838494,0.539037,0.8576835,0.8605552, 3.45 , 0.12 , 0.71 , 0.31 
232,232,0.9280775,0.332096,0.7051763,0.8648692,0.8485692, 3.45 , 0.12 , 0.71 , 0.31 
233,233,0.9059604,0.2971731,0.5697832,0.8253732,0.7928462, 3.45 , 0.12 , 0.71 , 0.31 
234,234,0.9447705,0.4057863,0.7605926,0.8947459,0.8801250, 3.45 , 0.12 , 0.71 , 0.31 
235,235,0.9162422,0.3041665,0.7419381,0.8438505,0.8251227, 3.45 , 0.12 , 0.71 , 0.31 
236,236,0.9165034,0.2710855,0.6774902,0.8447360,0.8058316, 3.45 , 0.12 , 0.71 , 0.31 
237,237,0.9328252,0.3517409,0.7022052,0.8730680,0.8519573, 3.45 , 0.12 , 0.71 , 0.31 
238,238,0.9366201,0.3592255,0.7772695,0.8799728,0.8673289, 3.45 , 0.12 , 0.71 , 0.31 
239,239,0.9167079,0.3444517,0.5830845,0.8445579,0.8235705, 3.45 , 0.12 , 0.71 , 0.31 
240,240,0.9033672,0.2861194,0.7153681,0.8212268,0.8146147, 3.45 , 0.12 , 0.71 , 0.31 
241,241,0.8877864,0.2785873,0.6700164,0.7946816,0.7601495, 3.45 , 0.12 , 0.71 , 0.31 
242,242,0.9311925,0.3442861,0.7506888,0.8704993,0.8558130, 3.45 , 0.12 , 0.71 , 0.31 
243,243,0.9029577,0.3045623,0.6930674,0.8200527,0.8249172, 3.45 , 0.12 , 0.71 , 0.31 
244,244,0.8669644,0.2459602,0.6647664,0.7596189,0.7674134, 3.45 , 0.12 , 0.71 , 0.31 
245,245,0.8578871,0.2013783,0.7103806,0.7433100,0.6835104, 3.45 , 0.12 , 0.71 , 0.31 
246,246,0.7694022,0.1806776,0.4882081,0.6062535,0.6749423, 3.45 , 0.12 , 0.71 , 0.31 
247,247,0.8529504,0.1987768,0.6545495,0.7354959,0.7338231, 3.45 , 0.12 , 0.71 , 0.31 
248,248,0.8971719,0.2751045,0.7809925,0.8111681,0.7750276, 3.45 , 0.12 , 0.71 , 0.31 
249,249,0.8839781,0.2672918,0.7130763,0.7888768,0.7578135, 3.45 , 0.12 , 0.71 , 0.31 
250,250,0.8991926,0.2758282,0.6859395,0.8147871,0.7737669, 3.45 , 0.12 , 0.71 , 0.31 
251,251,0.900174,0.2061549,0.7533935,0.8147060,0.7465269, 3.45 , 0.12 , 0.71 , 0.31 
252,252,0.8980383,0.2603125,0.7414925,0.8111129,0.7991743, 3.45 , 0.12 , 0.71 , 0.31 
253,253,0.8942574,0.2760165,0.7052804,0.8056781,0.7868708, 3.45 , 0.12 , 0.71 , 0.31 
254,254,0.887734,0.2522101,0.6578945,0.7945020,0.7631109, 3.45 , 0.12 , 0.71 , 0.31 
255,255,0.8601025,0.227431,0.5997633,0.7465711,0.7093706, 3.45 , 0.12 , 0.71 , 0.31 
256,256,0.8758138,0.2332662,0.7404808,0.7739341,0.7580450, 3.45 , 0.12 , 0.71 , 0.31 
257,257,0.9241229,0.3145498,0.7753667,0.8575358,0.8159077, 3.45 , 0.12 , 0.71 , 0.31 
258,258,0.9009585,0.2849066,0.6632248,0.8168413,0.7733790, 3.45 , 0.12 , 0.71 , 0.31 
259,259,0.9007887,0.2913212,0.6860746,0.8168891,0.7953392, 3.45 , 0.12 , 0.71 , 0.31 
260,260,0.9431782,0.3518888,0.7730418,0.8918102,0.8644388, 3.45 , 0.12 , 0.71 , 0.31 
261,261,0.9203725,0.3549951,0.7128072,0.8507725,0.8317077, 3.45 , 0.12 , 0.71 , 0.31 
262,262,0.8991371,0.2518017,0.7085899,0.8140558,0.7839305, 3.45 , 0.12 , 0.71 , 0.31 
263,263,0.9312671,0.3345105,0.7067046,0.8701416,0.8326485, 3.45 , 0.12 , 0.71 , 0.31 
264,264,0.8622628,0.2283307,0.6363958,0.7511286,0.7482020, 3.45 , 0.12 , 0.71 , 0.31 
265,265,0.9292421,0.3690495,0.7523283,0.8667521,0.8444250, 3.45 , 0.12 , 0.71 , 0.31 
266,266,0.9094149,0.2766153,0.7165896,0.8313505,0.7855670, 3.45 , 0.12 , 0.71 , 0.31 
267,267,0.932313,0.3180469,0.770918,0.8717937,0.8167312, 3.45 , 0.12 , 0.71 , 0.31 
268,268,0.9281263,0.3712958,0.730001,0.8649541,0.8589439, 3.45 , 0.12 , 0.71 , 0.31 
269,269,0.8919127,0.2807279,0.7736457,0.8014746,0.7962219, 3.45 , 0.12 , 0.71 , 0.31 
270,270,0.922941,0.3476309,0.7626137,0.8559247,0.8356371, 3.45 , 0.12 , 0.71 , 0.31 
271,271,0.9080573,0.3014851,0.6557138,0.8288065,0.8263237, 3.45 , 0.12 , 0.71 , 0.31 
272,272,0.9188039,0.2695775,0.7513526,0.8481497,0.8079417, 3.45 , 0.12 , 0.71 , 0.31 
273,273,0.8741513,0.2441871,0.7019394,0.7717708,0.7531195, 3.45 , 0.12 , 0.71 , 0.31 
274,274,0.9108349,0.2835079,0.7642902,0.8341610,0.8176768, 3.45 , 0.12 , 0.71 , 0.31 
275,275,0.9414732,0.3655056,0.732142,0.8888896,0.8681497, 3.45 , 0.12 , 0.71 , 0.31 
276,276,0.896567,0.243534,0.7365056,0.8093480,0.8025497, 3.51 , 0.12 , 0.72 , 0.27 
277,277,0.9124364,0.2579948,0.7213973,0.8368041,0.8041574, 3.51 , 0.12 , 0.72 , 0.27 
278,278,0.8938937,0.2383554,0.7593588,0.8049812,0.7752700, 3.51 , 0.12 , 0.72 , 0.27 
279,279,0.894049,0.2613791,0.771034,0.8049843,0.7797418, 3.51 , 0.12 , 0.72 , 0.27 
280,280,0.9054323,0.3253224,0.7671942,0.8252329,0.8113318, 3.51 , 0.12 , 0.72 , 0.27 
281,281,0.9247151,0.3468559,0.6843241,0.8585739,0.8343028, 3.51 , 0.12 , 0.72 , 0.27 
282,282,0.9098088,0.2784432,0.7212105,0.8322977,0.8123966, 3.51 , 0.12 , 0.72 , 0.27 
283,283,0.8682585,0.2599531,0.6804085,0.7612982,0.7323954, 3.51 , 0.12 , 0.72 , 0.27 
284,284,0.8987771,0.2625042,0.6290228,0.8137584,0.8108589, 3.51 , 0.12 , 0.72 , 0.27 
285,285,0.9092178,0.2889942,0.8016871,0.8314230,0.8120409, 3.51 , 0.12 , 0.72 , 0.27 
286,286,0.9135627,0.2788273,0.7533147,0.8391814,0.8100771, 3.51 , 0.12 , 0.72 , 0.27 
287,287,0.8939345,0.2766357,0.7616984,0.8052776,0.7966586, 3.51 , 0.12 , 0.72 , 0.27 
288,288,0.9254438,0.3099652,0.7206237,0.8600295,0.8264562, 3.51 , 0.12 , 0.72 , 0.27 
289,289,0.9065833,0.2676963,0.7599599,0.8271134,0.7926241, 3.51 , 0.12 , 0.72 , 0.27 
290,290,0.9246957,0.300246,0.7468503,0.8586260,0.8330402, 3.51 , 0.12 , 0.72 , 0.27 
291,291,0.8799122,0.1985872,0.7204135,0.7806684,0.7254918, 3.51 , 0.12 , 0.72 , 0.27 
292,292,0.9133025,0.3299707,0.7043647,0.8393888,0.8070359, 3.51 , 0.12 , 0.72 , 0.27 
293,293,0.9056242,0.248157,0.7311253,0.8241669,0.7775031, 3.51 , 0.12 , 0.72 , 0.27 
294,294,0.9108005,0.2858337,0.6488268,0.8338640,0.8096993, 3.51 , 0.12 , 0.72 , 0.27 
295,295,0.904657,0.2948827,0.7418597,0.8238661,0.8124155, 3.51 , 0.12 , 0.72 , 0.27 
296,296,0.8988912,0.2540657,0.7409077,0.8128995,0.7761638, 3.51 , 0.12 , 0.72 , 0.27 
297,297,0.9140537,0.251019,0.7157374,0.8394008,0.7898377, 3.51 , 0.12 , 0.72 , 0.27 
298,298,0.8974998,0.3104493,0.7139153,0.8120795,0.8059804, 3.51 , 0.12 , 0.72 , 0.27 
299,299,0.904733,0.2934631,0.7252223,0.8246799,0.8025241, 3.51 , 0.12 , 0.72 , 0.27 
300,300,0.9087823,0.3278212,0.6810593,0.8309919,0.7980497, 3.51 , 0.12 , 0.72 , 0.27 
301,301,0.8837958,0.2439425,0.6603783,0.7879243,0.7675800, 3.51 , 0.12 , 0.72 , 0.27 
302,302,0.897792,0.2254254,0.7208639,0.8108882,0.7625765, 3.51 , 0.12 , 0.72 , 0.27 
303,303,0.9316622,0.3224464,0.7314988,0.8708811,0.8358225, 3.51 , 0.12 , 0.72 , 0.27 
304,304,0.8710163,0.2310982,0.7182317,0.7671506,0.7340373, 3.51 , 0.12 , 0.72 , 0.27 
305,305,0.9019508,0.2611897,0.7090178,0.8183451,0.7899970, 3.51 , 0.12 , 0.72 , 0.27 
306,306,0.8796143,0.2171512,0.6091158,0.7793534,0.7411540, 3.51 , 0.12 , 0.72 , 0.27 
307,307,0.911771,0.3155749,0.6791014,0.8362095,0.8195341, 3.51 , 0.12 , 0.72 , 0.27 
308,308,0.9231585,0.3456883,0.6796283,0.8562259,0.8391188, 3.51 , 0.12 , 0.72 , 0.27 
309,309,0.9331714,0.3544753,0.7480969,0.8737514,0.8469569, 3.51 , 0.12 , 0.72 , 0.27 
310,310,0.9253473,0.3308482,0.6775144,0.8596267,0.8303347, 3.51 , 0.12 , 0.72 , 0.27 
311,311,0.9230564,0.3301393,0.7016013,0.8556436,0.8281611, 3.51 , 0.12 , 0.72 , 0.27 
312,312,0.9040475,0.3008339,0.7982761,0.8232427,0.8203400, 3.51 , 0.12 , 0.72 , 0.27 
313,313,0.9086488,0.3254333,0.7400158,0.8306512,0.8217739, 3.51 , 0.12 , 0.72 , 0.27 
314,314,0.9118839,0.3111112,0.7354386,0.8359928,0.8042765, 3.51 , 0.12 , 0.72 , 0.27 
315,315,0.9378939,0.3600062,0.7510785,0.8820069,0.8475276, 3.51 , 0.12 , 0.72 , 0.27 
316,316,0.9185109,0.3113469,0.6984729,0.8473703,0.8149384, 3.51 , 0.12 , 0.72 , 0.27 
317,317,0.9067526,0.2532926,0.769655,0.8270647,0.7949134, 3.51 , 0.12 , 0.72 , 0.27 
318,318,0.8002036,0.2339011,0.5181678,0.6517612,0.7058789, 3.51 , 0.12 , 0.72 , 0.27 
319,319,0.6345529,0.2234743,0.2537377,0.4257644,0.6227807, 3.51 , 0.12 , 0.72 , 0.27 
320,320,0.9178508,0.3860191,0.7177808,0.8468922,0.8483324, 3.51 , 0.12 , 0.72 , 0.27 
321,321,0.8672379,0.3073116,0.5959948,0.7606601,0.7694738, 3.51 , 0.12 , 0.72 , 0.27 
322,322,0.8660877,0.2440183,0.6362888,0.7581791,0.7353314, 3.51 , 0.12 , 0.72 , 0.27 
323,323,0.9055282,0.2666894,0.7018085,0.8242218,0.7804896, 3.51 , 0.12 , 0.72 , 0.27 
324,324,0.8864413,0.2247409,0.7205041,0.7911649,0.7269069, 3.51 , 0.12 , 0.72 , 0.27 
325,325,0.915369,0.2381713,0.7155507,0.8418915,0.8032339, 3.51 , 0.12 , 0.72 , 0.27 
326,326,0.8781229,0.1925334,0.6779166,0.7778193,0.7365347, 3.51 , 0.12 , 0.72 , 0.27 
327,327,0.8936293,0.2142043,0.7114825,0.8036143,0.7353901, 3.51 , 0.12 , 0.72 , 0.27 
328,328,0.9073593,0.311682,0.6591614,0.8283089,0.8019530, 3.51 , 0.12 , 0.72 , 0.27 
329,329,0.9191496,0.307098,0.7673604,0.8486362,0.8136925, 3.51 , 0.12 , 0.72 , 0.27 
330,330,0.8725451,0.2063456,0.6789821,0.7674103,0.7244016, 3.51 , 0.12 , 0.72 , 0.27 
331,331,0.9027945,0.3064053,0.7114272,0.8203894,0.8128846, 3.51 , 0.12 , 0.72 , 0.27 
332,332,0.8688977,0.2081324,0.7044024,0.7620035,0.6988185, 3.51 , 0.12 , 0.72 , 0.27 
333,333,0.9103882,0.2556747,0.718763,0.8333012,0.8014978, 3.51 , 0.12 , 0.72 , 0.27 
334,334,0.8976278,0.2682763,0.7151864,0.8114262,0.7760307, 3.51 , 0.12 , 0.72 , 0.27 
335,335,0.889824,0.2426825,0.6490139,0.7973542,0.7573656, 3.51 , 0.12 , 0.72 , 0.27 
336,336,0.896816,0.1930013,0.7318476,0.8087803,0.7324315, 3.51 , 0.12 , 0.72 , 0.27 
337,337,0.8875684,0.255489,0.6869076,0.7943686,0.7696477, 3.51 , 0.12 , 0.72 , 0.27 
338,338,0.8976388,0.2561992,0.7249742,0.8119522,0.7878236, 3.51 , 0.12 , 0.72 , 0.27 
339,339,0.915019,0.276413,0.7072269,0.8408661,0.8108615, 3.51 , 0.12 , 0.72 , 0.27 
340,340,0.8935794,0.2037129,0.7460433,0.8030949,0.7438152, 3.51 , 0.12 , 0.72 , 0.27 
341,341,0.8944861,0.2986937,0.6286042,0.8062087,0.7854583, 3.51 , 0.12 , 0.72 , 0.27 
342,342,0.8871558,0.2703145,0.683845,0.7936631,0.8012319, 3.51 , 0.12 , 0.72 , 0.27 
343,343,0.9024783,0.2202878,0.7194204,0.8188162,0.7532977, 3.51 , 0.12 , 0.72 , 0.27 
344,344,0.8934336,0.2482405,0.7319255,0.8036147,0.7603676, 3.51 , 0.12 , 0.72 , 0.27 
345,345,0.922666,0.3023892,0.7512137,0.8546998,0.8323667, 3.51 , 0.12 , 0.72 , 0.27 
346,346,0.8796337,0.2404757,0.6361023,0.7798504,0.7450407, 3.51 , 0.12 , 0.72 , 0.27 
347,347,0.9069178,0.3073939,0.6779111,0.8273662,0.8168281, 3.51 , 0.12 , 0.72 , 0.27 
348,348,0.8722085,0.2641534,0.749549,0.7699262,0.7654234, 3.51 , 0.12 , 0.72 , 0.27 
