FID,Id,Name,Descript,Type,Comment,Symbol,DateTimeS,Elevation,Block,N,P,K,Mg,NDVI
0,0,s1,"Northing:9683062.24763447
Easting:245533.763390861
Description:",WPT, , ,2024-02-03T08:10:47+08:00,6.366800000000000,A29,2.780000000000000,0.110000000000000,0.490000000000000,0.320000000000000,0.907760024071000
1,0,s10,"Northing:9683237.34065183
Easting:245597.178613297
Description:",WPT, , ,2024-02-03T08:14:26+08:00,9.415670000000000,A29,2.780000000000000,0.110000000000000,0.490000000000000,0.320000000000000,0.907088994980000
2,0,s11,"Northing:9683308.11142189
Easting:245538.440768067
Description:",WPT, , ,2024-02-03T08:14:42+08:00,8.662419999999999,A29,2.780000000000000,0.110000000000000,0.490000000000000,0.320000000000000,0.913538992405000
3,0,s12,"Northing:9683380.54036411
Easting:245478.312484516
Description:",WPT, , ,2024-02-03T08:14:59+08:00,9.945000000000000,A29,2.780000000000000,0.110000000000000,0.490000000000000,0.320000000000000,0.907648980618000
4,0,s13,"Northing:9683488.45680805
Easting:245493.124529001
Description:",WPT, , ,2024-02-03T08:16:24+08:00,8.942660000000000,A29,2.780000000000000,0.110000000000000,0.490000000000000,0.320000000000000,0.848888993263000
5,0,s14,"Northing:9683416.68395347
Easting:245552.646879145
Description:",WPT, , ,2024-02-03T08:19:03+08:00,11.741000000000000,A29,2.780000000000000,0.110000000000000,0.490000000000000,0.320000000000000,0.893199026585000
6,0,s15,"Northing:9683345.49626173
Easting:245611.458077094
Description:",WPT, , ,2024-02-03T08:19:20+08:00,8.810980000000001,A29,2.780000000000000,0.110000000000000,0.490000000000000,0.320000000000000,0.887178003788000
7,0,s16,"Northing:9683274.81131205
Easting:245670.412611899
Description:",WPT, , ,2024-02-03T08:19:41+08:00,9.325970000000000,A29,2.780000000000000,0.110000000000000,0.490000000000000,0.320000000000000,0.896628975868000
8,0,s17,"Northing:9683270.17643975
Easting:245779.686979793
Description:",WPT, , ,2024-02-03T08:20:35+08:00,5.759530000000000,A29,2.780000000000000,0.110000000000000,0.490000000000000,0.320000000000000,0.912617981434000
9,0,s18,"Northing:9683339.49820734
Easting:245721.301937418
Description:",WPT, , ,2024-02-03T08:21:24+08:00,7.326480000000000,A29,2.780000000000000,0.110000000000000,0.490000000000000,0.320000000000000,0.880822002888000
10,0,s19,"Northing:9683411.95900182
Easting:245661.359788862
Description:",WPT, , ,2024-02-03T08:22:01+08:00,9.480689999999999,A29,2.780000000000000,0.110000000000000,0.490000000000000,0.320000000000000,0.900794029236000
11,0,s2,"Northing:9683134.55034701
Easting:245474.087916469
Description:",WPT, , ,2024-02-03T08:11:07+08:00,7.000000000000000,A29,2.780000000000000,0.110000000000000,0.490000000000000,0.320000000000000,0.932183027267000
12,0,s20,"Northing:9683320.51251493
Easting:245840.541183569
Description:",WPT, , ,2024-02-03T08:02:32+08:00,6.005800000000000,A29,2.780000000000000,0.110000000000000,0.490000000000000,0.320000000000000,0.889508008957000
13,0,s21,"Northing:9683391.54815828
Easting:245781.719578544
Description:",WPT, , ,2024-02-03T08:04:39+08:00,0.000000000000000,A29,2.780000000000000,0.110000000000000,0.490000000000000,0.320000000000000,0.700985014439000
14,0,s22,"Northing:9683463.30827727
Easting:245722.095442789
Description:",WPT, , ,2024-02-03T08:06:07+08:00,6.844440000000000,A29,2.780000000000000,0.110000000000000,0.490000000000000,0.320000000000000,0.799183011055000
15,0,s23,"Northing:9683534.00579229
Easting:245663.950684724
Description:",WPT, , ,2024-02-03T08:07:39+08:00,8.020750000000000,A29,2.780000000000000,0.110000000000000,0.490000000000000,0.320000000000000,0.869476974010000
16,0,s24,"Northing:9683644.28829408
Easting:245676.995512312
Description:",WPT, , ,2024-02-03T08:24:30+08:00,7.032730000000000,A29,2.780000000000000,0.110000000000000,0.490000000000000,0.320000000000000,0.848775982857000
17,0,s25,"Northing:9683572.01759479
Easting:245736.707477382
Description:",WPT, , ,2024-02-03T08:25:56+08:00,7.001890000000000,A29,2.780000000000000,0.110000000000000,0.490000000000000,0.320000000000000,0.918771028519000
18,0,s26,"Northing:9683500.60511184
Easting:245795.719763544
Description:",WPT, , ,2024-02-03T08:27:42+08:00,0.000000000000000,A29,2.780000000000000,0.110000000000000,0.490000000000000,0.320000000000000,0.862896025181000
19,0,s27,"Northing:9683430.02202729
Easting:245854.104185343
Description:",WPT, , ,2024-02-03T08:29:19+08:00,7.642120000000000,A29,2.780000000000000,0.110000000000000,0.490000000000000,0.320000000000000,0.820241987705000
20,0,s28,"Northing:9683424.20523048
Easting:245963.106956913
Description:",WPT, , ,2024-02-03T08:32:20+08:00,8.033700000000000,A29,2.780000000000000,0.110000000000000,0.490000000000000,0.320000000000000,0.914457976818000
21,0,s29,"Northing:9683495.75306127
Easting:245904.508839881
Description:",WPT, , ,2024-02-03T08:33:48+08:00,7.742090000000000,A29,2.780000000000000,0.110000000000000,0.490000000000000,0.320000000000000,0.905827999115000
22,0,s3,"Northing:9683205.04002524
Easting:245415.923311201
Description:",WPT, , ,2024-02-03T08:11:24+08:00,9.694660000000001,A29,2.780000000000000,0.110000000000000,0.490000000000000,0.320000000000000,0.925629019737000
23,0,s30,"Northing:9683567.39345882
Easting:245844.672068554
Description:",WPT, , ,2024-02-03T08:37:02+08:00,7.508160000000000,A29,2.780000000000000,0.110000000000000,0.490000000000000,0.320000000000000,0.846040010452000
24,0,s31,"Northing:9683637.68330636
Easting:245786.445688596
Description:",WPT, , ,2024-02-03T08:45:05+08:00,0.000000000000000,A29,2.780000000000000,0.110000000000000,0.490000000000000,0.320000000000000,0.889042019844000
25,0,s32,"Northing:9683710.781021
Easting:245829.740827925
Description:",WPT, , ,2024-02-03T08:49:16+08:00,12.654400000000001,A29,2.780000000000000,0.110000000000000,0.490000000000000,0.320000000000000,0.907374024391000
26,0,s33,"Northing:9683640.11016466
Easting:245888.648799822
Description:",WPT, , ,2024-02-03T08:50:58+08:00,8.030500000000000,A29,2.780000000000000,0.110000000000000,0.490000000000000,0.320000000000000,0.819117009640000
27,0,s34,"Northing:9683569.4574606
Easting:245947.426762453
Description:",WPT, , ,2024-02-03T08:52:47+08:00,10.000000000000000,A29,2.780000000000000,0.110000000000000,0.490000000000000,0.320000000000000,0.867156982422000
28,0,s35,"Northing:9683497.62933825
Easting:246006.833906614
Description:",WPT, , ,2024-02-03T08:54:24+08:00,7.139600000000000,A29,2.780000000000000,0.110000000000000,0.490000000000000,0.320000000000000,0.904483973980000
29,0,s36,"Northing:9683536.15332647
Easting:246079.405115433
Description:",WPT, , ,2024-02-03T08:56:23+08:00,7.086010000000000,A29,2.780000000000000,0.110000000000000,0.490000000000000,0.320000000000000,0.875836014748000
30,0,s37,"Northing:9683606.96917092
Easting:246019.656063586
Description:",WPT, , ,2024-02-03T08:58:19+08:00,8.135730000000001,A29,2.780000000000000,0.110000000000000,0.490000000000000,0.320000000000000,0.883367002010000
31,0,s38,"Northing:9683678.10638436
Easting:245960.635413612
Description:",WPT, , ,2024-02-03T09:00:57+08:00,9.444220000000000,A29,2.780000000000000,0.110000000000000,0.490000000000000,0.320000000000000,0.757888019085000
32,0,s39,"Northing:9683715.07023736
Easting:246033.434793238
Description:",WPT, , ,2024-02-03T09:10:36+08:00,9.199890000000000,A29,2.780000000000000,0.110000000000000,0.490000000000000,0.320000000000000,0.888983011246000
33,0,s4,"Northing:9683276.21912897
Easting:245355.451378441
Description:",WPT, , ,2024-02-03T08:11:46+08:00,8.633940000000001,A29,2.780000000000000,0.110000000000000,0.490000000000000,0.320000000000000,0.926488995552000
34,0,s40,"Northing:9683645.14293106
Easting:246093.311715931
Description:",WPT, , ,2024-02-03T09:12:20+08:00,7.820500000000000,A29,2.780000000000000,0.110000000000000,0.490000000000000,0.320000000000000,0.865404009819000
35,0,s41,"Northing:9683638.26947111
Easting:246193.277201618
Description:",WPT, , ,2024-02-03T09:15:04+08:00,8.220480000000000,A29,2.780000000000000,0.110000000000000,0.490000000000000,0.320000000000000,0.895455002785000
36,0,s42,"Northing:9683709.01690985
Easting:246132.999187194
Description:",WPT, , ,2024-02-03T09:16:38+08:00,10.506000000000000,A29,2.780000000000000,0.110000000000000,0.490000000000000,0.320000000000000,0.895502984524000
37,0,s43,"Northing:9683778.68792885
Easting:246072.409211212
Description:",WPT, , ,2024-02-03T09:18:03+08:00,9.229889999999999,A29,2.780000000000000,0.110000000000000,0.490000000000000,0.320000000000000,0.867986023426000
38,0,s44,"Northing:9683845.75588355
Easting:246121.396826274
Description:",WPT, , ,2024-02-03T09:23:42+08:00,8.874639999999999,A29,2.780000000000000,0.110000000000000,0.490000000000000,0.320000000000000,0.933946013451000
39,0,s45,"Northing:9683775.10661218
Easting:246181.821643066
Description:",WPT, , ,2024-02-03T09:25:34+08:00,10.164899999999999,A29,2.780000000000000,0.110000000000000,0.490000000000000,0.320000000000000,0.882504999638000
40,0,s46,"Northing:9683704.64498763
Easting:246240.000324168
Description:",WPT, , ,2024-02-03T09:27:04+08:00,7.839590000000000,A29,2.780000000000000,0.110000000000000,0.490000000000000,0.320000000000000,0.930063009262000
41,0,s47,"Northing:9683741.4694643
Easting:246313.490467752
Description:",WPT, , ,2024-02-03T09:28:57+08:00,7.210510000000000,A29,2.780000000000000,0.110000000000000,0.490000000000000,0.320000000000000,0.892235994339000
42,0,s48,"Northing:9683805.67796236
Easting:246260.29810687
Description:",WPT, , ,2024-02-03T09:30:35+08:00,8.959519999999999,A29,2.780000000000000,0.110000000000000,0.490000000000000,0.320000000000000,0.891915023327000
43,0,s49,"Northing:9683883.58046516
Easting:246194.791125296
Description:",WPT, , ,2024-02-03T09:39:58+08:00,8.111430000000000,A29,2.780000000000000,0.110000000000000,0.490000000000000,0.320000000000000,0.834550976753000
44,0,s5,"Northing:9683384.35997237
Easting:245370.415394148
Description:",WPT, , ,2024-02-03T08:12:37+08:00,9.881850000000000,A29,2.780000000000000,0.110000000000000,0.490000000000000,0.320000000000000,0.931514024734000
45,0,s50,"Northing:9683921.14514588
Easting:246267.663560658
Description:",WPT, , ,2024-02-03T09:43:01+08:00,0.000000000000000,A29,2.780000000000000,0.110000000000000,0.490000000000000,0.320000000000000,0.768526971340000
46,0,s51,"Northing:9683851.28116242
Easting:246327.951234304
Description:",WPT, , ,2024-02-03T09:45:33+08:00,8.342520000000000,A29,2.780000000000000,0.110000000000000,0.490000000000000,0.320000000000000,0.903627991676000
47,0,s52,"Northing:9683846.22410062
Easting:246436.118237877
Description:",WPT, , ,2024-02-03T09:48:27+08:00,8.623030000000000,A29,2.780000000000000,0.110000000000000,0.490000000000000,0.320000000000000,0.886720001698000
48,0,s53,"Northing:9683909.20896925
Easting:246382.424934202
Description:",WPT, , ,2024-02-03T09:49:47+08:00,0.000000000000000,A29,2.780000000000000,0.110000000000000,0.490000000000000,0.320000000000000,0.782926023006000
49,0,s54,"Northing:9683979.9677075
Easting:246321.440241786
Description:",WPT, , ,2024-02-03T09:51:24+08:00,7.979230000000000,A29,2.780000000000000,0.110000000000000,0.490000000000000,0.320000000000000,0.920009970665000
50,0,s55,"Northing:9684012.08982216
Easting:246400.89418529
Description:",WPT, , ,2024-02-03T09:56:55+08:00,7.784050000000000,A29,2.780000000000000,0.110000000000000,0.490000000000000,0.320000000000000,0.892724990845000
51,0,s56,"Northing:9683940.69510088
Easting:246460.893916634
Description:",WPT, , ,2024-02-03T09:58:23+08:00,0.000000000000000,A29,2.780000000000000,0.110000000000000,0.490000000000000,0.320000000000000,0.891735017300000
52,0,s57,"Northing:9683956.51437614
Easting:246552.070040736
Description:",WPT, , ,2024-02-03T10:00:59+08:00,9.000000000000000,A29,2.780000000000000,0.110000000000000,0.490000000000000,0.320000000000000,0.910265028477000
53,0,s58,"Northing:9684028.34369114
Easting:246492.395135418
Description:",WPT, , ,2024-02-03T10:02:31+08:00,8.485989999999999,A29,2.780000000000000,0.110000000000000,0.490000000000000,0.320000000000000,0.832463026047000
54,0,s59,"Northing:9684099.02957381
Easting:246432.020922792
Description:",WPT, , ,2024-02-03T10:03:58+08:00,7.203580000000000,A29,2.780000000000000,0.110000000000000,0.490000000000000,0.320000000000000,0.896622002125000
55,0,s6,"Northing:9683315.25116965
Easting:245429.494902704
Description:",WPT, , ,2024-02-03T08:12:56+08:00,7.037760000000000,A29,2.780000000000000,0.110000000000000,0.490000000000000,0.320000000000000,0.869156002998000
56,0,s60,"Northing:9684115.31718942
Easting:246523.333025444
Description:",WPT, , ,2024-02-03T10:06:36+08:00,0.000000000000000,A29,2.780000000000000,0.110000000000000,0.490000000000000,0.320000000000000,0.921580970287000
57,0,s61,"Northing:9684043.70105032
Easting:246583.187171487
Description:",WPT, , ,2024-02-03T10:09:15+08:00,8.529930000000000,A29,2.780000000000000,0.110000000000000,0.490000000000000,0.320000000000000,0.907127976418000
58,0,s62,"Northing:9683893.01664256
Easting:245977.326661307
Description:",WPT, , ,2024-02-03T10:23:52+08:00,7.310860000000000,A29,2.780000000000000,0.110000000000000,0.490000000000000,0.320000000000000,0.845026016235000
59,0,s63,"Northing:9683944.39870462
Easting:246038.071558241
Description:",WPT, , ,2024-02-03T10:23:22+08:00,7.212290000000000,A29,2.780000000000000,0.110000000000000,0.490000000000000,0.320000000000000,0.890033006668000
60,0,s64,"Northing:9683994.74368053
Easting:246099.941508918
Description:",WPT, , ,2024-02-03T10:22:53+08:00,8.126540000000000,A29,2.780000000000000,0.110000000000000,0.490000000000000,0.320000000000000,0.906189024448000
61,0,s65,"Northing:9684042.82750156
Easting:246165.88929503
Description:",WPT, , ,2024-02-03T10:22:25+08:00,8.000000000000000,A29,2.780000000000000,0.110000000000000,0.490000000000000,0.320000000000000,0.845910012722000
62,0,s66,"Northing:9684093.50464348
Easting:246226.291591714
Description:",WPT, , ,2024-02-03T10:21:21+08:00,6.886090000000000,A29,2.780000000000000,0.110000000000000,0.490000000000000,0.320000000000000,0.943801999092000
63,0,s67,"Northing:9684145.43861836
Easting:246287.610962737
Description:",WPT, , ,2024-02-03T10:20:12+08:00,7.973080000000000,A29,2.780000000000000,0.110000000000000,0.490000000000000,0.320000000000000,0.857325971127000
64,0,s68,"Northing:9684197.79404122
Easting:246348.969470764
Description:",WPT, , ,2024-02-03T10:19:53+08:00,6.927360000000000,A29,2.780000000000000,0.110000000000000,0.490000000000000,0.320000000000000,0.924458026886000
65,0,s69,"Northing:9684248.92739921
Easting:246410.070019955
Description:",WPT, , ,2024-02-03T10:19:24+08:00,7.839960000000000,A29,2.780000000000000,0.110000000000000,0.490000000000000,0.320000000000000,0.920596003532000
66,0,s7,"Northing:9683243.5343689
Easting:245488.449931595
Description:",WPT, , ,2024-02-03T08:13:13+08:00,9.499210000000000,A29,2.780000000000000,0.110000000000000,0.490000000000000,0.320000000000000,0.863602995872000
67,0,s8,"Northing:9683172.32692685
Easting:245548.467870679
Description:",WPT, , ,2024-02-03T08:13:37+08:00,9.080500000000001,A29,2.780000000000000,0.110000000000000,0.490000000000000,0.320000000000000,0.852941989899000
68,0,s9,"Northing:9683165.94139531
Easting:245657.180238169
Description:",WPT, , ,2024-02-03T08:14:05+08:00,6.581250000000000,A29,2.780000000000000,0.110000000000000,0.490000000000000,0.320000000000000,0.919950008392000
69,0,40,"Northing:9683658.18176425
Easting:246623.608984663
Description:",WPT, , ,2024-02-02T09:35:54+08:00,0.000000000000000,A30,3.730000000000000,0.120000000000000,0.710000000000000,0.400000000000000,0.935217022896000
70,0,S1,"Northing:9682826.59077317
Easting:245754.897728686
Description:",WPT, , ,2024-02-02T07:54:54+08:00,0.000000000000000,A30,3.730000000000000,0.120000000000000,0.710000000000000,0.400000000000000,0.924067974091000
71,0,s10,"Northing:9683132.30940408
Easting:246020.648410187
Description:",WPT, , ,2024-02-02T08:20:05+08:00,0.000000000000000,A30,3.730000000000000,0.120000000000000,0.710000000000000,0.400000000000000,0.846678972244000
72,0,s11,"Northing:9683136.04348854
Easting:246123.397213472
Description:",WPT, , ,2024-02-02T08:20:37+08:00,0.000000000000000,A30,3.730000000000000,0.120000000000000,0.710000000000000,0.400000000000000,0.916764974594000
73,0,s12,"Northing:9683205.39549784
Easting:246063.711999294
Description:",WPT, , ,2024-02-02T08:21:12+08:00,0.000000000000000,A30,3.730000000000000,0.120000000000000,0.710000000000000,0.400000000000000,0.894698023796000
74,0,s13,"Northing:9683274.75143487
Easting:246003.987089071
Description:",WPT, , ,2024-02-02T08:21:31+08:00,0.000000000000000,A30,3.730000000000000,0.120000000000000,0.710000000000000,0.400000000000000,0.880998015404000
75,0,s14,"Northing:9683376.91671951
Easting:246023.038544405
Description:",WPT, , ,2024-02-02T08:22:00+08:00,0.000000000000000,A30,3.730000000000000,0.120000000000000,0.710000000000000,0.400000000000000,0.914821028709000
76,0,s15,"Northing:9683299.66744599
Easting:246090.128718336
Description:",WPT, , ,2024-02-02T08:22:32+08:00,0.000000000000000,A30,3.730000000000000,0.120000000000000,0.710000000000000,0.400000000000000,0.876015007496000
77,0,s16,"Northing:9683230.48030503
Easting:246148.839690815
Description:",WPT, , ,2024-02-02T08:23:06+08:00,0.000000000000000,A30,3.730000000000000,0.120000000000000,0.710000000000000,0.400000000000000,0.884280025959000
78,0,s17,"Northing:9683287.93419741
Easting:246203.150755931
Description:",WPT, , ,2024-02-02T08:30:49+08:00,0.000000000000000,A30,3.730000000000000,0.120000000000000,0.710000000000000,0.400000000000000,0.898091971874000
79,0,s18,"Northing:9683357.70124887
Easting:246142.944818866
Description:",WPT, , ,2024-02-02T08:31:42+08:00,0.000000000000000,A30,3.730000000000000,0.120000000000000,0.710000000000000,0.400000000000000,0.916208982468000
80,0,s19,"Northing:9683429.49032235
Easting:246083.729170139
Description:",WPT, , ,2024-02-02T08:32:22+08:00,0.000000000000000,A30,3.730000000000000,0.120000000000000,0.710000000000000,0.400000000000000,0.920533001423000
81,0,s2,"Northing:9682877.60758013
Easting:245816.391509452
Description:",WPT, , ,2024-02-02T07:55:39+08:00,0.000000000000000,A30,3.730000000000000,0.120000000000000,0.710000000000000,0.400000000000000,0.915768027306000
82,0,s20,"Northing:9683431.477822
Easting:246186.963240665
Description:",WPT, , ,2024-02-02T08:33:09+08:00,0.000000000000000,A30,3.730000000000000,0.120000000000000,0.710000000000000,0.400000000000000,0.899451971054000
83,0,s21,"Northing:9683361.34304334
Easting:246246.553468828
Description:",WPT, , ,2024-02-02T08:33:27+08:00,0.000000000000000,A30,3.730000000000000,0.120000000000000,0.710000000000000,0.400000000000000,0.896184980869000
84,0,s22,"Northing:9683290.539415
Easting:246306.252879203
Description:",WPT, , ,2024-02-02T08:33:57+08:00,0.000000000000000,A30,3.730000000000000,0.120000000000000,0.710000000000000,0.400000000000000,0.904182016850000
85,0,s23,"Northing:9683397.97472892
Easting:246318.623620622
Description:",WPT, , ,2024-02-02T08:34:24+08:00,0.000000000000000,A30,3.730000000000000,0.120000000000000,0.710000000000000,0.400000000000000,0.888539016247000
86,0,s24,"Northing:9683468.86943327
Easting:246259.281938549
Description:",WPT, , ,2024-02-02T08:35:01+08:00,0.000000000000000,A30,3.730000000000000,0.120000000000000,0.710000000000000,0.400000000000000,0.885514974594000
87,0,s25,"Northing:9683539.55568692
Easting:246199.245483137
Description:",WPT, , ,2024-02-02T08:35:36+08:00,0.000000000000000,A30,3.730000000000000,0.120000000000000,0.710000000000000,0.400000000000000,0.907535970211000
88,0,s26,"Northing:9683535.88813271
Easting:246306.778852728
Description:",WPT, , ,2024-02-02T08:36:03+08:00,0.000000000000000,A30,3.730000000000000,0.120000000000000,0.710000000000000,0.400000000000000,0.931558012962000
89,0,s27,"Northing:9683462.07205216
Easting:246367.639251531
Description:",WPT, , ,2024-02-02T08:36:34+08:00,0.000000000000000,A30,3.730000000000000,0.120000000000000,0.710000000000000,0.400000000000000,0.898880004883000
90,0,s28,"Northing:9683400.82359549
Easting:246421.744557383
Description:",WPT, , ,2024-02-02T08:37:01+08:00,0.000000000000000,A30,3.730000000000000,0.120000000000000,0.710000000000000,0.400000000000000,0.882045984268000
91,0,s29,"Northing:9683502.67480852
Easting:246441.096868552
Description:",WPT, , ,2024-02-02T09:26:34+08:00,0.000000000000000,A30,3.730000000000000,0.120000000000000,0.710000000000000,0.400000000000000,0.926025986671000
92,0,s3,"Northing:9682930.52512773
Easting:245877.461379779
Description:",WPT, , ,2024-02-02T08:15:17+08:00,0.000000000000000,A30,3.730000000000000,0.120000000000000,0.710000000000000,0.400000000000000,0.907383978367000
93,0,s30,"Northing:9683574.92378049
Easting:246378.81076036
Description:",WPT, , ,2024-02-02T09:27:16+08:00,0.000000000000000,A30,3.730000000000000,0.120000000000000,0.710000000000000,0.400000000000000,0.920790970325000
94,0,s31,"Northing:9683644.7674841
Easting:246321.536774359
Description:",WPT, , ,2024-02-02T09:27:34+08:00,0.000000000000000,A30,3.730000000000000,0.120000000000000,0.710000000000000,0.400000000000000,0.903261005878000
95,0,s32,"Northing:9683646.65114965
Easting:246423.840905566
Description:",WPT, , ,2024-02-02T09:30:22+08:00,0.000000000000000,A30,3.730000000000000,0.120000000000000,0.710000000000000,0.400000000000000,0.922327995300000
96,0,s33,"Northing:9683576.59294957
Easting:246483.622124
Description:",WPT, , ,2024-02-02T09:29:33+08:00,0.000000000000000,A30,3.730000000000000,0.120000000000000,0.710000000000000,0.400000000000000,0.904578983784000
97,0,s34,"Northing:9683506.20156899
Easting:246543.844632831
Description:",WPT, , ,2024-02-02T09:29:15+08:00,0.000000000000000,A30,3.730000000000000,0.120000000000000,0.710000000000000,0.400000000000000,0.883435010910000
98,0,s35,"Northing:9683608.02457786
Easting:246563.854012645
Description:",WPT, , ,2024-02-02T09:32:21+08:00,0.000000000000000,A30,3.730000000000000,0.120000000000000,0.710000000000000,0.400000000000000,0.922388017178000
99,0,s36,"Northing:9683671.18335632
Easting:246507.62938078
Description:",WPT, , ,2024-02-02T09:32:49+08:00,0.000000000000000,A30,3.730000000000000,0.120000000000000,0.710000000000000,0.400000000000000,0.914256989956000
100,0,s37,"Northing:9683749.002887
Easting:246443.56419534
Description:",WPT, , ,2024-02-02T09:33:12+08:00,0.000000000000000,A30,3.730000000000000,0.120000000000000,0.710000000000000,0.400000000000000,0.915835976601000
101,0,s38,"Northing:9683800.64911412
Easting:246505.385709495
Description:",WPT, , ,2024-02-02T09:36:52+08:00,0.000000000000000,A30,3.730000000000000,0.120000000000000,0.710000000000000,0.400000000000000,0.892636001110000
102,0,s39,"Northing:9683728.71828724
Easting:246564.125583887
Description:",WPT, , ,2024-02-02T09:36:33+08:00,0.000000000000000,A30,3.730000000000000,0.120000000000000,0.710000000000000,0.400000000000000,0.939370989799000
103,0,s4,"Northing:9682981.32365095
Easting:245940.409944121
Description:",WPT, , ,2024-02-02T08:15:40+08:00,0.000000000000000,A30,3.730000000000000,0.120000000000000,0.710000000000000,0.400000000000000,0.930146992207000
104,0,s41,"Northing:9683661.6799772
Easting:246727.888465139
Description:",WPT, , ,2024-02-02T09:37:49+08:00,0.000000000000000,A30,3.730000000000000,0.120000000000000,0.710000000000000,0.400000000000000,0.925023972988000
105,0,s42,"Northing:9683733.52809426
Easting:246667.630930834
Description:",WPT, , ,2024-02-02T09:40:21+08:00,0.000000000000000,A30,3.730000000000000,0.120000000000000,0.710000000000000,0.400000000000000,0.917811989784000
106,0,s43,"Northing:9683804.39369614
Easting:246606.18940974
Description:",WPT, , ,2024-02-02T09:40:42+08:00,0.000000000000000,A30,3.730000000000000,0.120000000000000,0.710000000000000,0.400000000000000,0.905260026455000
107,0,s44,"Northing:9683912.49121319
Easting:246620.902665448
Description:",WPT, , ,2024-02-02T09:41:17+08:00,0.000000000000000,A30,3.730000000000000,0.120000000000000,0.710000000000000,0.400000000000000,0.913123011589000
108,0,s45,"Northing:9683840.96608629
Easting:246680.042322228
Description:",WPT, , ,2024-02-02T09:41:37+08:00,0.000000000000000,A30,3.730000000000000,0.120000000000000,0.710000000000000,0.400000000000000,0.903258025646000
109,0,s46,"Northing:9683763.4746034
Easting:246744.968753372
Description:",WPT, , ,2024-02-02T09:41:55+08:00,0.000000000000000,A30,3.730000000000000,0.120000000000000,0.710000000000000,0.400000000000000,0.885426998138000
110,0,s5,"Northing:9683032.59857978
Easting:245999.144941938
Description:",WPT, , ,2024-02-02T08:16:04+08:00,0.000000000000000,A30,3.730000000000000,0.120000000000000,0.710000000000000,0.400000000000000,0.879073023796000
111,0,s6,"Northing:9683125.33819839
Easting:245922.062563288
Description:",WPT, , ,2024-02-02T08:16:29+08:00,0.000000000000000,A30,3.730000000000000,0.120000000000000,0.710000000000000,0.400000000000000,0.889819979668000
112,0,s7,"Northing:9683215.70822209
Easting:245844.754836102
Description:",WPT, , ,2024-02-02T08:18:04+08:00,0.000000000000000,A30,3.730000000000000,0.120000000000000,0.710000000000000,0.400000000000000,0.927636981010000
113,0,s8,"Northing:9683274.21332402
Easting:245900.489207085
Description:",WPT, , ,2024-02-02T08:19:12+08:00,0.000000000000000,A30,3.730000000000000,0.120000000000000,0.710000000000000,0.400000000000000,0.938286006451000
114,0,s9,"Northing:9683202.82478181
Easting:245961.027717616
Description:",WPT, , ,2024-02-02T08:19:42+08:00,0.000000000000000,A30,3.730000000000000,0.120000000000000,0.710000000000000,0.400000000000000,0.897767007351000
115,0,54,"Northing:9683509.8948142
Easting:247022.376030942
Description:",WPT, , ,2024-02-02T09:07:43+08:00,0.000000000000000,A31,3.490000000000000,0.120000000000000,0.720000000000000,0.300000000000000,0.895821988583000
116,0,S1,"Northing:9682599.91802706
Easting:245952.767725977
Description:",WPT, , ,2024-02-01T09:36:57+08:00,0.000000000000000,A31,3.490000000000000,0.120000000000000,0.720000000000000,0.300000000000000,0.885946989059000
117,0,S10,"Northing:9682928.14326806
Easting:245981.984382575
Description:",WPT, , ,2024-02-01T09:53:14+08:00,0.000000000000000,A31,3.490000000000000,0.120000000000000,0.720000000000000,0.300000000000000,0.928300023079000
118,0,S11,"Northing:9682855.20910136
Easting:246044.110718296
Description:",WPT, , ,2024-02-01T09:53:41+08:00,0.000000000000000,A31,3.490000000000000,0.120000000000000,0.720000000000000,0.300000000000000,0.900304973125000
119,0,S12,"Northing:9682785.32996057
Easting:246102.390453242
Description:",WPT, , ,2024-02-01T09:54:00+08:00,0.000000000000000,A31,3.490000000000000,0.120000000000000,0.720000000000000,0.300000000000000,0.896054029465000
120,0,S13,"Northing:9682802.25903078
Easting:246191.864850872
Description:",WPT, , ,2024-02-01T10:08:25+08:00,0.000000000000000,A31,3.490000000000000,0.120000000000000,0.720000000000000,0.300000000000000,0.884877979755000
121,0,S14,"Northing:9682870.15582388
Easting:246133.717125167
Description:",WPT, , ,2024-02-01T10:08:56+08:00,0.000000000000000,A31,3.490000000000000,0.120000000000000,0.720000000000000,0.300000000000000,0.835740983486000
122,0,s15,"Northing:9682939.26618215
Easting:246075.525977441
Description:",WPT, , ,2024-02-01T10:09:33+08:00,0.000000000000000,A31,3.490000000000000,0.120000000000000,0.720000000000000,0.300000000000000,0.868084013462000
123,0,S16,"Northing:9683031.40920306
Easting:246101.515471799
Description:",WPT, , ,2024-02-01T10:17:57+08:00,0.000000000000000,A31,3.490000000000000,0.120000000000000,0.720000000000000,0.300000000000000,0.920754015446000
124,0,S17,"Northing:9682963.19587808
Easting:246157.349387868
Description:",WPT, , ,2024-02-01T10:19:38+08:00,0.000000000000000,A31,3.490000000000000,0.120000000000000,0.720000000000000,0.300000000000000,0.915993988514000
125,0,S18,"Northing:9682891.84752229
Easting:246215.980192526
Description:",WPT, , ,2024-02-01T10:21:28+08:00,0.000000000000000,A31,3.490000000000000,0.120000000000000,0.720000000000000,0.300000000000000,0.909888029099000
126,0,S19,"Northing:9682902.54004699
Easting:246309.916970595
Description:",WPT, , ,2024-02-01T10:26:20+08:00,0.000000000000000,A31,3.490000000000000,0.120000000000000,0.720000000000000,0.300000000000000,0.900858998299000
127,0,S2,"Northing:9682669.05463001
Easting:245895.846930113
Description:",WPT, , ,2024-02-01T09:37:23+08:00,0.000000000000000,A31,3.490000000000000,0.120000000000000,0.720000000000000,0.300000000000000,0.883489012718000
128,0,S20,"Northing:9682971.50601299
Easting:246252.695007691
Description:",WPT, , ,2024-02-01T10:26:41+08:00,0.000000000000000,A31,3.490000000000000,0.120000000000000,0.720000000000000,0.300000000000000,0.903086006641000
129,0,S21,"Northing:9683041.09499923
Easting:246194.847261716
Description:",WPT, , ,2024-02-01T10:27:04+08:00,0.000000000000000,A31,3.490000000000000,0.120000000000000,0.720000000000000,0.300000000000000,0.915237009525000
130,0,S22,"Northing:9683133.25524279
Easting:246219.959247663
Description:",WPT, , ,2024-02-01T10:27:41+08:00,0.000000000000000,A31,3.490000000000000,0.120000000000000,0.720000000000000,0.300000000000000,0.896068990231000
131,0,S23,"Northing:9683064.38048374
Easting:246277.726119515
Description:",WPT, , ,2024-02-01T10:28:19+08:00,0.000000000000000,A31,3.490000000000000,0.120000000000000,0.720000000000000,0.300000000000000,0.903280973434000
132,0,S24,"Northing:9682994.78343324
Easting:246335.326830882
Description:",WPT, , ,2024-02-01T10:29:00+08:00,0.000000000000000,A31,3.490000000000000,0.120000000000000,0.720000000000000,0.300000000000000,0.884200990200000
133,0,S25,"Northing:9683004.82954489
Easting:246426.709185129
Description:",WPT, , ,2024-02-02T07:33:28+08:00,0.000000000000000,A31,3.490000000000000,0.120000000000000,0.720000000000000,0.300000000000000,0.905824005604000
134,0,S26,"Northing:9683079.67297431
Easting:246364.877260624
Description:",WPT, , ,2024-02-02T07:38:05+08:00,0.000000000000000,A31,3.490000000000000,0.120000000000000,0.720000000000000,0.300000000000000,0.895226001740000
135,0,S27,"Northing:9683148.09593971
Easting:246307.554683903
Description:",WPT, , ,2024-02-02T07:40:07+08:00,0.000000000000000,A31,3.490000000000000,0.120000000000000,0.720000000000000,0.300000000000000,0.900256991386000
136,0,S28,"Northing:9683240.53255339
Easting:246331.876946848
Description:",WPT, , ,2024-02-02T07:43:15+08:00,0.000000000000000,A31,3.490000000000000,0.120000000000000,0.720000000000000,0.300000000000000,0.905843019485000
137,0,S29,"Northing:9683123.41022657
Easting:246430.544329378
Description:",WPT, , ,2024-02-02T07:46:52+08:00,0.000000000000000,A31,3.490000000000000,0.120000000000000,0.720000000000000,0.300000000000000,0.847166001797000
138,0,S3,"Northing:9682736.70473062
Easting:245837.943032778
Description:",WPT, , ,2024-02-01T09:40:04+08:00,0.000000000000000,A31,3.490000000000000,0.120000000000000,0.720000000000000,0.300000000000000,0.897338986397000
139,0,S30,"Northing:9683104.49908709
Easting:246547.75247237
Description:",WPT, , ,2024-02-02T07:56:42+08:00,0.000000000000000,A31,3.490000000000000,0.120000000000000,0.720000000000000,0.300000000000000,0.923820018768000
140,0,S31,"Northing:9683187.35869004
Easting:246477.647936606
Description:",WPT, , ,2024-02-02T08:07:13+08:00,0.000000000000000,A31,3.490000000000000,0.120000000000000,0.720000000000000,0.300000000000000,0.880384981632000
141,0,S32,"Northing:9683257.15764312
Easting:246420.274975346
Description:",WPT, , ,2024-02-02T08:09:11+08:00,0.000000000000000,A31,3.490000000000000,0.120000000000000,0.720000000000000,0.300000000000000,0.912434995174000
142,0,S33,"Northing:9683342.06324791
Easting:246451.903597947
Description:",WPT, , ,2024-02-02T08:11:57+08:00,0.000000000000000,A31,3.490000000000000,0.120000000000000,0.720000000000000,0.300000000000000,0.913452029228000
143,0,S34,"Northing:9683273.73309458
Easting:246508.260308092
Description:",WPT, , ,2024-02-02T08:13:53+08:00,0.000000000000000,A31,3.490000000000000,0.120000000000000,0.720000000000000,0.300000000000000,0.906780004501000
144,0,S35,"Northing:9683155.90619297
Easting:246608.271591142
Description:",WPT, , ,2024-02-02T08:16:29+08:00,0.000000000000000,A31,3.490000000000000,0.120000000000000,0.720000000000000,0.300000000000000,0.886492013931000
145,0,S37,"Northing:9683207.66543382
Easting:246666.319718509
Description:",WPT, , ,2024-02-02T08:21:00+08:00,0.000000000000000,A31,3.490000000000000,0.120000000000000,0.720000000000000,0.300000000000000,0.900129020214000
146,0,S38,"Northing:9683337.30332449
Easting:246556.819151165
Description:",WPT, , ,2024-02-02T08:24:10+08:00,0.000000000000000,A31,3.490000000000000,0.120000000000000,0.720000000000000,0.300000000000000,0.911853015423000
147,0,S39,"Northing:9683443.43886284
Easting:246569.558134374
Description:",WPT, , ,2024-02-02T08:27:29+08:00,0.000000000000000,A31,3.490000000000000,0.120000000000000,0.720000000000000,0.300000000000000,0.928484976292000
148,0,S4,"Northing:9682827.8365718
Easting:245863.541909389
Description:",WPT, , ,2024-02-01T09:49:58+08:00,0.000000000000000,A31,3.490000000000000,0.120000000000000,0.720000000000000,0.300000000000000,0.925927996635000
149,0,S40,"Northing:9683374.36558251
Easting:246626.908829587
Description:",WPT, , ,2024-02-02T08:29:16+08:00,0.000000000000000,A31,3.490000000000000,0.120000000000000,0.720000000000000,0.300000000000000,0.888190984726000
150,0,S41,"Northing:9683305.94051339
Easting:246684.773078798
Description:",WPT, , ,2024-02-02T08:33:15+08:00,0.000000000000000,A31,3.490000000000000,0.120000000000000,0.720000000000000,0.300000000000000,0.877635002136000
151,0,S42,"Northing:9683307.94384716
Easting:246785.074169636
Description:",WPT, , ,2024-02-02T08:37:50+08:00,0.000000000000000,A31,3.490000000000000,0.120000000000000,0.720000000000000,0.300000000000000,0.915409982204000
152,0,s43,"Northing:9683376.74945021
Easting:246729.134925568
Description:",WPT, , ,2024-02-02T08:39:58+08:00,0.000000000000000,A31,3.490000000000000,0.120000000000000,0.720000000000000,0.300000000000000,0.888019025326000
153,0,S44,"Northing:9683446.340794
Easting:246669.132484297
Description:",WPT, , ,2024-02-02T08:41:53+08:00,0.000000000000000,A31,3.490000000000000,0.120000000000000,0.720000000000000,0.300000000000000,0.898801982403000
154,0,S45,"Northing:9683546.84332606
Easting:246687.789588668
Description:",WPT, , ,2024-02-02T08:45:19+08:00,0.000000000000000,A31,3.490000000000000,0.120000000000000,0.720000000000000,0.300000000000000,0.900116980076000
155,0,S46,"Northing:9683474.93502289
Easting:246746.891046768
Description:",WPT, , ,2024-02-02T08:47:02+08:00,0.000000000000000,A31,3.490000000000000,0.120000000000000,0.720000000000000,0.300000000000000,0.894352018833000
156,0,S47,"Northing:9683406.35914656
Easting:246803.625341569
Description:",WPT, , ,2024-02-02T08:48:35+08:00,0.000000000000000,A31,3.490000000000000,0.120000000000000,0.720000000000000,0.300000000000000,0.892809987068000
157,0,S48,"Northing:9683408.52879383
Easting:246903.431099413
Description:",WPT, , ,2024-02-02T08:52:53+08:00,0.000000000000000,A31,3.490000000000000,0.120000000000000,0.720000000000000,0.300000000000000,0.909891009331000
158,0,S49,"Northing:9683491.43214738
Easting:246834.024580332
Description:",WPT, , ,2024-02-02T08:54:50+08:00,0.000000000000000,A31,3.490000000000000,0.120000000000000,0.720000000000000,0.300000000000000,0.911707997322000
159,0,S5,"Northing:9682760.00564495
Easting:245921.483816418
Description:",WPT, , ,2024-02-01T09:50:23+08:00,0.000000000000000,A31,3.490000000000000,0.120000000000000,0.720000000000000,0.300000000000000,0.916671991348000
160,0,S50,"Northing:9683560.86687714
Easting:246776.663573285
Description:",WPT, , ,2024-02-02T08:56:23+08:00,0.000000000000000,A31,3.490000000000000,0.120000000000000,0.720000000000000,0.300000000000000,0.934801995754000
161,0,S51,"Northing:9683645.28665471
Easting:246807.606122218
Description:",WPT, , ,2024-02-02T08:59:46+08:00,0.000000000000000,A31,3.490000000000000,0.120000000000000,0.720000000000000,0.300000000000000,0.904972016811000
162,0,S52,"Northing:9683570.20670436
Easting:246870.292237328
Description:",WPT, , ,2024-02-02T09:01:36+08:00,0.000000000000000,A31,3.490000000000000,0.120000000000000,0.720000000000000,0.300000000000000,0.910211980343000
163,0,S53,"Northing:9683499.59400251
Easting:246927.77814544
Description:",WPT, , ,2024-02-02T09:03:10+08:00,0.000000000000000,A31,3.490000000000000,0.120000000000000,0.720000000000000,0.300000000000000,0.930292010307000
164,0,S55,"Northing:9683578.53132954
Easting:246964.015454799
Description:",WPT, , ,2024-02-02T09:09:20+08:00,0.000000000000000,A31,3.490000000000000,0.120000000000000,0.720000000000000,0.300000000000000,0.937574028969000
165,0,S56,"Northing:9683647.91051197
Easting:246905.714074194
Description:",WPT, , ,2024-02-02T09:11:31+08:00,0.000000000000000,A31,3.490000000000000,0.120000000000000,0.720000000000000,0.300000000000000,0.911072015762000
166,0,S6,"Northing:9682691.86025793
Easting:245979.464476126
Description:",WPT, , ,2024-02-01T09:51:05+08:00,0.000000000000000,A31,3.490000000000000,0.120000000000000,0.720000000000000,0.300000000000000,0.891757011414000
167,0,S7,"Northing:9682700.60577717
Easting:246071.72446964
Description:",WPT, , ,2024-02-01T09:51:43+08:00,0.000000000000000,A31,3.490000000000000,0.120000000000000,0.720000000000000,0.300000000000000,0.895394027233000
168,0,S8,"Northing:9682770.02629579
Easting:246014.316392328
Description:",WPT, , ,2024-02-01T09:52:05+08:00,0.000000000000000,A31,3.490000000000000,0.120000000000000,0.720000000000000,0.300000000000000,0.917298972607000
169,0,S9,"Northing:9682836.93978817
Easting:245956.86082622
Description:",WPT, , ,2024-02-01T09:52:40+08:00,0.000000000000000,A31,3.490000000000000,0.120000000000000,0.720000000000000,0.300000000000000,0.904394984245000
170,0,A12,"Northing:-2.85315166666665
Easting:114.723263333333
Description:",WPT, , ,2024-01-31T09:23:35+08:00,0.000000000000000,B29,3.190000000000000,0.110000000000000,0.470000000000000,0.460000000000000,0.831849992275000
171,0,A35,"Northing:-2.85224333333333
Easting:114.721418333333
Description:",WPT, , ,2024-02-01T08:38:22+08:00,9.923999999999999,B29,3.190000000000000,0.110000000000000,0.470000000000000,0.460000000000000,0.875294029713000
172,0,S1,"Northing:-2.85619201505868
Easting:114.721097450753
Description:",WPT, , ,2024-01-31T08:47:56+08:00,6.757920000000000,B29,3.190000000000000,0.110000000000000,0.470000000000000,0.460000000000000,0.911993026733000
173,0,S10,"Northing:-2.85363833333331
Easting:114.722698333333
Description:",WPT, , ,2024-01-31T09:16:32+08:00,0.000000000000000,B29,3.190000000000000,0.110000000000000,0.470000000000000,0.460000000000000,0.893011987209000
174,0,S11,"Northing:-2.85378833333333
Easting:114.723783333333
Description:",WPT, , ,2024-01-31T09:20:53+08:00,0.000000000000000,B29,3.190000000000000,0.110000000000000,0.470000000000000,0.460000000000000,0.910342991352000
175,0,S13,"Northing:-2.85332166666667
Easting:114.724335
Description:",WPT, , ,2024-01-31T09:27:45+08:00,0.000000000000000,B29,3.190000000000000,0.110000000000000,0.470000000000000,0.460000000000000,0.902117013931000
176,0,S14,"Northing:-2.85266
Easting:114.723821666667
Description:",WPT, , ,2024-01-31T09:30:26+08:00,0.000000000000000,B29,3.190000000000000,0.110000000000000,0.470000000000000,0.460000000000000,0.865199029446000
177,0,S15,"Northing:-2.85284333333334
Easting:114.724885
Description:",WPT, , ,2024-01-31T09:40:44+08:00,0.000000000000000,B29,3.190000000000000,0.110000000000000,0.470000000000000,0.460000000000000,0.870899021626000
178,0,S16,"Northing:-2.85222499999999
Easting:114.724391666667
Description:",WPT, , ,2024-01-31T09:42:53+08:00,0.000000000000000,B29,3.190000000000000,0.110000000000000,0.470000000000000,0.460000000000000,0.897406995296000
179,0,S17,"Northing:-2.85236833333332
Easting:114.72543
Description:",WPT, , ,2024-01-31T09:46:39+08:00,0.000000000000000,B29,3.190000000000000,0.110000000000000,0.470000000000000,0.460000000000000,0.859893977642000
180,0,S18,"Northing:-2.85175
Easting:114.72491
Description:",WPT, , ,2024-01-31T09:48:31+08:00,9.902799999999999,B29,3.190000000000000,0.110000000000000,0.470000000000000,0.460000000000000,0.921130001545000
181,0,S19,"Northing:-2.85191333333332
Easting:114.725998333333
Description:",WPT, , ,2024-01-31T09:51:59+08:00,0.000000000000000,B29,3.190000000000000,0.110000000000000,0.470000000000000,0.460000000000000,0.920804977417000
182,0,S2,"Northing:-2.85554166666666
Easting:114.72058
Description:",WPT, , ,2024-01-31T08:50:23+08:00,6.088000000000000,B29,3.190000000000000,0.110000000000000,0.470000000000000,0.460000000000000,0.898038983345000
183,0,S20,"Northing:-2.85128
Easting:114.725471666667
Description:",WPT, , ,2024-01-31T09:53:58+08:00,0.000000000000000,B29,3.190000000000000,0.110000000000000,0.470000000000000,0.460000000000000,0.913911998272000
184,0,S21,"Northing:-2.85142
Easting:114.726458333333
Description:",WPT, , ,2024-01-31T09:57:55+08:00,0.000000000000000,B29,3.190000000000000,0.110000000000000,0.470000000000000,0.460000000000000,0.942035019398000
185,0,S22,"Northing:-2.85066166666666
Easting:114.725888333333
Description:",WPT, , ,2024-01-31T10:00:51+08:00,9.618000000000000,B29,3.190000000000000,0.110000000000000,0.470000000000000,0.460000000000000,0.915741980076000
186,0,S23,"Northing:-2.85091
Easting:114.727041666667
Description:",WPT, , ,2024-01-31T10:06:36+08:00,9.650000000000000,B29,3.190000000000000,0.110000000000000,0.470000000000000,0.460000000000000,0.923820018768000
187,0,S24,"Northing:-2.85044833333333
Easting:114.727573333333
Description:",WPT, , ,2024-02-01T07:48:17+08:00,8.487900000000000,B29,3.190000000000000,0.110000000000000,0.470000000000000,0.460000000000000,0.884913027287000
188,0,S25,"Northing:-2.84998
Easting:114.728161666667
Description:",WPT, , ,2024-02-01T07:51:43+08:00,9.618000000000000,B29,3.190000000000000,0.110000000000000,0.470000000000000,0.460000000000000,0.861750006676000
189,0,S26,"Northing:-2.84951499999998
Easting:114.728655
Description:",WPT, , ,2024-02-01T07:54:52+08:00,8.157999999999999,B29,3.190000000000000,0.110000000000000,0.470000000000000,0.460000000000000,0.915180027485000
190,0,S26,"Northing:-2.84951499999998
Easting:114.728655
Description:",WPT, , ,2024-02-01T08:01:01+08:00,8.157999999999999,B29,3.190000000000000,0.110000000000000,0.470000000000000,0.460000000000000,0.915180027485000
191,0,S27,"Northing:-2.84904499999999
Easting:114.729218333333
Description:",WPT, , ,2024-02-01T08:03:07+08:00,7.457470000000000,B29,3.190000000000000,0.110000000000000,0.470000000000000,0.460000000000000,0.918296992779000
192,0,S28,"Northing:-2.84851166666667
Easting:114.729711666667
Description:",WPT, , ,2024-02-01T08:05:07+08:00,6.344400000000000,B29,3.190000000000000,0.110000000000000,0.470000000000000,0.460000000000000,0.862946987152000
193,0,S29,"Northing:-2.84804166666665
Easting:114.730283333333
Description:",WPT, , ,2024-02-01T08:07:47+08:00,7.902000000000000,B29,3.190000000000000,0.110000000000000,0.470000000000000,0.460000000000000,0.936007976532000
194,0,S3,"Northing:-2.85572499999998
Easting:114.721668333333
Description:",WPT, , ,2024-01-31T08:55:15+08:00,0.000000000000000,B29,3.190000000000000,0.110000000000000,0.470000000000000,0.460000000000000,0.927582025528000
195,0,S30,"Northing:-2.84757666666665
Easting:114.73082
Description:",WPT, , ,2024-02-01T08:11:20+08:00,8.654500000000001,B29,3.190000000000000,0.110000000000000,0.470000000000000,0.460000000000000,0.912693977356000
196,0,S31,"Northing:-2.85406499999998
Easting:114.719286666667
Description:",WPT, , ,2024-02-01T08:25:50+08:00,6.792110000000000,B29,3.190000000000000,0.110000000000000,0.470000000000000,0.460000000000000,0.916130006313000
197,0,S31,"Northing:-2.85129833333333
Easting:114.722507228201
Description:",WPT, , ,2024-02-01T08:47:40+08:00,9.000000000000000,B29,3.190000000000000,0.110000000000000,0.470000000000000,0.460000000000000,0.912023007870000
198,0,S32,"Northing:-2.85355151885802
Easting:114.719838685932
Description:",WPT, , ,2024-02-01T11:03:20+08:00,8.580730000000001,B29,3.190000000000000,0.110000000000000,0.470000000000000,0.460000000000000,0.949742972851000
199,0,S33,"Northing:-2.85317333333333
Easting:114.720318333333
Description:",WPT, , ,2024-02-01T08:33:48+08:00,7.000000000000000,B29,3.190000000000000,0.110000000000000,0.470000000000000,0.460000000000000,0.939791977406000
200,0,S34,"Northing:-2.85271333333333
Easting:114.720935
Description:",WPT, , ,2024-02-01T08:36:17+08:00,6.450910000000000,B29,3.190000000000000,0.110000000000000,0.470000000000000,0.460000000000000,0.935164988041000
201,0,S35,"Northing:-2.85224333333333
Easting:114.721418333333
Description:",WPT, , ,2024-02-01T08:38:38+08:00,9.923999999999999,B29,3.190000000000000,0.110000000000000,0.470000000000000,0.460000000000000,0.875294029713000
202,0,S36,"Northing:-2.85176666666667
Easting:114.721978333333
Description:",WPT, , ,2024-02-01T08:45:12+08:00,7.878000000000000,B29,3.190000000000000,0.110000000000000,0.470000000000000,0.460000000000000,0.872677981853000
203,0,S37,"Northing:-2.85129833333332
Easting:114.722507228201
Description:",WPT, , ,2024-02-01T08:47:51+08:00,9.000000000000000,B29,3.190000000000000,0.110000000000000,0.470000000000000,0.460000000000000,0.912023007870000
204,0,S38,"Northing:-2.85081999999999
Easting:114.72307
Description:",WPT, , ,2024-02-01T08:50:16+08:00,12.048000000000000,B29,3.190000000000000,0.110000000000000,0.470000000000000,0.460000000000000,0.919930994511000
205,0,S39,"Northing:-2.85042833333332
Easting:114.723666666667
Description:",WPT, , ,2024-02-01T08:53:02+08:00,0.000000000000000,B29,3.190000000000000,0.110000000000000,0.470000000000000,0.460000000000000,0.942543029785000
206,0,S4,"Northing:-2.85375922654184
Easting:114.722179008639
Description:",WPT, , ,2024-01-31T08:57:02+08:00,0.000000000000000,B29,3.190000000000000,0.110000000000000,0.470000000000000,0.460000000000000,0.801976978779000
207,0,S40,"Northing:-2.8499497676607
Easting:114.724221666667
Description:",WPT, , ,2024-02-01T08:55:45+08:00,9.180840000000000,B29,3.190000000000000,0.110000000000000,0.470000000000000,0.460000000000000,0.928875029087000
208,0,S41,"Northing:-2.84949500000001
Easting:114.724768333333
Description:",WPT, , ,2024-02-01T08:58:15+08:00,9.516209999999999,B29,3.190000000000000,0.110000000000000,0.470000000000000,0.460000000000000,0.911339998245000
209,0,S42,"Northing:-2.84899312800961
Easting:114.725331897684
Description:",WPT, , ,2024-02-01T11:10:42+08:00,9.503019999999999,B29,3.190000000000000,0.110000000000000,0.470000000000000,0.460000000000000,0.900847971439000
210,0,S43,"Northing:-2.84857000000001
Easting:114.725823333333
Description:",WPT, , ,2024-02-01T09:04:06+08:00,9.969329999999999,B29,3.190000000000000,0.110000000000000,0.470000000000000,0.460000000000000,0.921405971050000
211,0,S44,"Northing:-2.84808333333334
Easting:114.726396666667
Description:",WPT, , ,2024-02-01T09:07:41+08:00,9.972000000000000,B29,3.190000000000000,0.110000000000000,0.470000000000000,0.460000000000000,0.910486996174000
212,0,S45,"Northing:-2.84761666666666
Easting:114.726953333333
Description:",WPT, , ,2024-02-01T09:12:01+08:00,0.000000000000000,B29,3.190000000000000,0.110000000000000,0.470000000000000,0.460000000000000,0.933403015137000
213,0,S46,"Northing:-2.847145
Easting:114.727498333333
Description:",WPT, , ,2024-02-01T09:14:46+08:00,0.000000000000000,B29,3.190000000000000,0.110000000000000,0.470000000000000,0.460000000000000,0.919048011303000
214,0,S47,"Northing:-2.84674166666666
Easting:114.728108333333
Description:",WPT, , ,2024-02-01T09:16:59+08:00,11.000000000000000,B29,3.190000000000000,0.110000000000000,0.470000000000000,0.460000000000000,0.950217008591000
215,0,S48,"Northing:-2.84628833333333
Easting:114.728646666667
Description:",WPT, , ,2024-02-01T09:19:10+08:00,0.000000000000000,B29,3.190000000000000,0.110000000000000,0.470000000000000,0.460000000000000,0.925249993801000
216,0,S49,"Northing:-2.84581166666667
Easting:114.729203333333
Description:",WPT, , ,2024-02-01T09:21:27+08:00,10.000000000000000,B29,3.190000000000000,0.110000000000000,0.470000000000000,0.460000000000000,0.880016028881000
217,0,S5,"Northing:-2.85518833333332
Easting:114.72214
Description:",WPT, , ,2024-01-31T09:01:38+08:00,0.000000000000000,B29,3.190000000000000,0.110000000000000,0.470000000000000,0.460000000000000,0.920699000359000
218,0,S50,"Northing:-2.84644166666665
Easting:114.729753333333
Description:",WPT, , ,2024-02-01T09:23:01+08:00,10.978700000000000,B29,3.190000000000000,0.110000000000000,0.470000000000000,0.460000000000000,0.923618972301000
219,0,S6,"Northing:-2.85460833333333
Easting:114.721681666667
Description:",WPT, , ,2024-01-31T09:03:52+08:00,0.000000000000000,B29,3.190000000000000,0.110000000000000,0.470000000000000,0.460000000000000,0.906814992428000
220,0,S7,"Northing:-2.85480666666666
Easting:114.722771666667
Description:",WPT, , ,2024-01-31T09:08:04+08:00,0.000000000000000,B29,3.190000000000000,0.110000000000000,0.470000000000000,0.460000000000000,0.895033001900000
221,0,S8,"Northing:-2.85420999999999
Easting:114.722255
Description:",WPT, , ,2024-01-31T09:10:18+08:00,0.000000000000000,B29,3.190000000000000,0.110000000000000,0.470000000000000,0.460000000000000,0.862071990967000
222,0,S9,"Northing:-2.85425499999999
Easting:114.723255
Description:",WPT, , ,2024-01-31T09:14:10+08:00,0.000000000000000,B29,3.190000000000000,0.110000000000000,0.470000000000000,0.460000000000000,0.920903980732000
223,0,S1,"Northing:-2.85669666666667
Easting:114.721641666667
Description:",WPT, , ,2024-02-01T07:28:54+08:00,7.000000000000000,B30a,3.450000000000000,0.120000000000000,0.710000000000000,0.310000000000000,0.904025018215000
224,0,S10,"Northing:-2.85361833333332
Easting:114.725591666667
Description:",WPT, , ,2024-02-01T08:23:40+08:00,8.977380000000000,B30a,3.450000000000000,0.120000000000000,0.710000000000000,0.310000000000000,0.871747016907000
225,0,S11,"Northing:-2.85284499999999
Easting:114.725861666667
Description:",WPT, , ,2024-02-01T08:28:18+08:00,7.164680000000000,B30a,3.450000000000000,0.120000000000000,0.710000000000000,0.310000000000000,0.902604997158000
226,0,S13,"Northing:-2.85259666666666
Easting:114.726611666667
Description:",WPT, , ,2024-02-01T08:39:07+08:00,7.150000000000000,B30a,3.450000000000000,0.120000000000000,0.710000000000000,0.310000000000000,0.925786018372000
227,0,S14,"Northing:-2.85187166666667
Easting:114.726963333333
Description:",WPT, , ,2024-02-01T08:43:23+08:00,7.294370000000000,B30a,3.450000000000000,0.120000000000000,0.710000000000000,0.310000000000000,0.923840999603000
228,0,S15,"Northing:-2.85252333333333
Easting:114.727468333333
Description:",WPT, , ,2024-02-01T08:44:58+08:00,7.895580000000000,B30a,3.450000000000000,0.120000000000000,0.710000000000000,0.310000000000000,0.901217997074000
229,0,S16,"Northing:-2.85175
Easting:114.727775
Description:",WPT, , ,2024-02-01T08:54:22+08:00,9.587000000000000,B30a,3.450000000000000,0.120000000000000,0.710000000000000,0.310000000000000,0.887660980225000
230,0,S17,"Northing:-2.85098
Easting:114.728038333333
Description:",WPT, , ,2024-02-01T09:06:34+08:00,7.052530000000000,B30a,3.450000000000000,0.120000000000000,0.710000000000000,0.310000000000000,0.923749983311000
231,0,S18,"Northing:-2.85069333333334
Easting:114.728766666667
Description:",WPT, , ,2024-02-01T09:17:04+08:00,8.552000000000000,B30a,3.450000000000000,0.120000000000000,0.710000000000000,0.310000000000000,0.928077995777000
232,0,S19,"Northing:-2.85001833333334
Easting:114.729135
Description:",WPT, , ,2024-02-01T09:22:34+08:00,8.164949999999999,B30a,3.450000000000000,0.120000000000000,0.710000000000000,0.310000000000000,0.905960023403000
233,0,S2,"Northing:-2.85623666666665
Easting:114.72214
Description:",WPT, , ,2024-02-01T07:41:47+08:00,7.704000000000000,B30a,3.450000000000000,0.120000000000000,0.710000000000000,0.310000000000000,0.944770991802000
234,0,S20,"Northing:-2.84988333333331
Easting:114.729991666667
Description:",WPT, , ,2024-02-01T09:31:42+08:00,7.550000000000000,B30a,3.450000000000000,0.120000000000000,0.710000000000000,0.310000000000000,0.916242003441000
235,0,S21,"Northing:-2.84960220328111
Easting:114.730161709237
Description:",WPT, , ,2024-02-01T09:09:52+08:00,7.582150000000000,B30a,3.450000000000000,0.120000000000000,0.710000000000000,0.310000000000000,0.916503012180000
236,0,S22,"Northing:-2.849025
Easting:114.730201666667
Description:",WPT, , ,2024-02-01T09:49:16+08:00,7.490000000000000,B30a,3.450000000000000,0.120000000000000,0.710000000000000,0.310000000000000,0.932825028896000
237,0,S23,"Northing:-2.84964499999999
Easting:114.730721666667
Description:",WPT, , ,2024-02-01T09:50:51+08:00,8.111760000000000,B30a,3.450000000000000,0.120000000000000,0.710000000000000,0.310000000000000,0.936619997025000
238,0,S24,"Northing:-2.84868499999999
Easting:114.730861666667
Description:",WPT, , ,2024-02-01T09:58:31+08:00,7.191130000000000,B30a,3.450000000000000,0.120000000000000,0.710000000000000,0.310000000000000,0.916707992554000
239,0,S28,"Northing:-2.85064333333332
Easting:114.72969
Description:",WPT, , ,2024-02-01T09:24:14+08:00,8.836660000000000,B30a,3.450000000000000,0.120000000000000,0.710000000000000,0.310000000000000,0.903366982937000
240,0,S3,"Northing:-2.85667661520879
Easting:114.722543142497
Description:",WPT, , ,2024-02-01T07:42:24+08:00,7.005560000000000,B30a,3.450000000000000,0.120000000000000,0.710000000000000,0.310000000000000,0.887785971165000
241,0,S4,"Northing:-2.85579666666667
Easting:114.722688333333
Description:",WPT, , ,2024-02-01T07:47:07+08:00,7.588500000000000,B30a,3.450000000000000,0.120000000000000,0.710000000000000,0.310000000000000,0.931192994118000
242,0,s5,"Northing:-2.85554499999998
Easting:114.723453333333
Description:",WPT, , ,2024-02-01T07:56:34+08:00,8.016420000000000,B30a,3.450000000000000,0.120000000000000,0.710000000000000,0.310000000000000,0.902957975864000
243,0,S6,"Northing:-2.85475918932205
Easting:114.723757094661
Description:",WPT, , ,2024-02-01T08:00:49+08:00,6.266160000000000,B30a,3.450000000000000,0.120000000000000,0.710000000000000,0.310000000000000,0.866963982582000
244,0,S7,"Northing:-2.85449000000001
Easting:114.724453333333
Description:",WPT, , ,2024-02-01T08:10:31+08:00,5.196000000000000,B30a,3.450000000000000,0.120000000000000,0.710000000000000,0.310000000000000,0.857887029648000
245,0,S8,"Northing:-2.853825
Easting:114.724831666667
Description:",WPT, , ,2024-02-01T08:14:23+08:00,5.533380000000000,B30a,3.450000000000000,0.120000000000000,0.710000000000000,0.310000000000000,0.769402027130000
246,0,S9,"Northing:-2.85437333333334
Easting:114.725281666667
Description:",WPT, , ,2024-02-01T08:15:59+08:00,7.975580000000000,B30a,3.450000000000000,0.120000000000000,0.710000000000000,0.310000000000000,0.852949976921000
247,0,S1,"Northing:-2.85735166666666
Easting:114.722125
Description:",WPT, , ,2024-02-01T07:31:36+08:00,7.184000000000000,B30b,3.450000000000000,0.120000000000000,0.710000000000000,0.310000000000000,0.897171974182000
248,0,S10,"Northing:-2.85510666666667
Easting:114.724951666667
Description:",WPT, , ,2024-02-01T08:08:57+08:00,8.000000000000000,B30b,3.450000000000000,0.120000000000000,0.710000000000000,0.310000000000000,0.883978009224000
249,0,S11,"Northing:-2.85496333333332
Easting:114.72581
Description:",WPT, , ,2024-02-01T08:17:27+08:00,6.000000000000000,B30b,3.450000000000000,0.120000000000000,0.710000000000000,0.310000000000000,0.899192988873000
250,0,S12,"Northing:-2.85425999999998
Easting:114.726126666667
Description:",WPT, , ,2024-02-01T08:21:58+08:00,7.664000000000000,B30b,3.450000000000000,0.120000000000000,0.710000000000000,0.310000000000000,0.900174021721000
251,0,S12,"Northing:-2.85347666666667
Easting:114.726393333333
Description:",WPT, , ,2024-02-01T08:30:43+08:00,8.992260000000000,B30b,3.450000000000000,0.120000000000000,0.710000000000000,0.310000000000000,0.898038029671000
252,0,S13,"Northing:-2.85411333333331
Easting:114.726928333333
Description:",WPT, , ,2024-02-01T08:32:31+08:00,11.464300000000000,B30b,3.450000000000000,0.120000000000000,0.710000000000000,0.310000000000000,0.894257009029000
253,0,S14,"Northing:-2.85395666666667
Easting:114.727755
Description:",WPT, , ,2024-02-01T08:35:29+08:00,7.899990000000000,B30b,3.450000000000000,0.120000000000000,0.710000000000000,0.310000000000000,0.887733995914000
254,0,S15,"Northing:-2.85330666666666
Easting:114.72721
Description:",WPT, , ,2024-02-01T08:37:02+08:00,8.864220000000000,B30b,3.450000000000000,0.120000000000000,0.710000000000000,0.310000000000000,0.860101997852000
255,0,S16,"Northing:-2.85329942391188
Easting:114.728136090579
Description:",WPT, , ,2024-02-01T08:46:46+08:00,10.086700000000000,B30b,3.450000000000000,0.120000000000000,0.710000000000000,0.310000000000000,0.875814020634000
256,0,S17,"Northing:-2.85301333333332
Easting:114.728843333333
Description:",WPT, , ,2024-02-01T08:49:57+08:00,8.316000000000001,B30b,3.450000000000000,0.120000000000000,0.710000000000000,0.310000000000000,0.924122989178000
257,0,S18,"Northing:-2.85239666666665
Easting:114.728305
Description:",WPT, , ,2024-02-01T08:51:48+08:00,11.372000000000000,B30b,3.450000000000000,0.120000000000000,0.710000000000000,0.310000000000000,0.900959014893000
258,0,S19,"Northing:-2.85212166666666
Easting:114.729986666667
Description:",WPT, , ,2024-02-01T09:13:00+08:00,9.607379999999999,B30b,3.450000000000000,0.120000000000000,0.710000000000000,0.310000000000000,0.900789022446000
259,0,S2,"Northing:-2.85817479360569
Easting:114.722819793606
Description:",WPT, , ,2024-02-01T07:34:41+08:00,8.367440000000000,B30b,3.450000000000000,0.120000000000000,0.710000000000000,0.310000000000000,0.943177998066000
260,0,S20,"Northing:-2.85142999999999
Easting:114.729391666667
Description:",WPT, , ,2024-02-01T09:15:01+08:00,9.190000000000000,B30b,3.450000000000000,0.120000000000000,0.710000000000000,0.310000000000000,0.920372009277000
261,0,S21,"Northing:-2.85130833333331
Easting:114.730241666667
Description:",WPT, , ,2024-02-01T09:25:47+08:00,8.710000000000001,B30b,3.450000000000000,0.120000000000000,0.710000000000000,0.310000000000000,0.899137020111000
262,0,S22,"Northing:-2.851205
Easting:114.731073333333
Description:",WPT, , ,2024-02-01T09:28:34+08:00,9.000000000000000,B30b,3.450000000000000,0.120000000000000,0.710000000000000,0.310000000000000,0.931267023087000
263,0,S24,"Northing:-2.85163166666664
Easting:114.728605
Description:",WPT, , ,2024-02-01T09:08:23+08:00,0.000000000000000,B30b,3.450000000000000,0.120000000000000,0.710000000000000,0.310000000000000,0.862263023853000
264,0,S3,"Northing:-2.85768333333334
Easting:114.723373333333
Description:",WPT, , ,2024-02-01T07:37:14+08:00,7.417920000000000,B30b,3.450000000000000,0.120000000000000,0.710000000000000,0.310000000000000,0.929242014885000
265,0,S4,"Northing:-2.85703666666667
Easting:114.722813333333
Description:",WPT, , ,2024-02-01T07:38:53+08:00,7.668000000000000,B30b,3.450000000000000,0.120000000000000,0.710000000000000,0.310000000000000,0.909415006638000
266,0,S4,"Northing:-2.85714666666664
Easting:114.723876666667
Description:",WPT, , ,2024-02-01T07:50:46+08:00,8.967969999999999,B30b,3.450000000000000,0.120000000000000,0.710000000000000,0.310000000000000,0.932313024998000
267,0,S5,"Northing:-2.85656499999998
Easting:114.723413333333
Description:",WPT, , ,2024-02-01T07:49:13+08:00,9.739409999999999,B30b,3.450000000000000,0.120000000000000,0.710000000000000,0.310000000000000,0.928125977516000
268,0,S6,"Northing:-2.85675333333334
Easting:114.72447
Description:",WPT, , ,2024-02-01T07:53:21+08:00,8.028700000000001,B30b,3.450000000000000,0.120000000000000,0.710000000000000,0.310000000000000,0.891912996769000
269,0,S7,"Northing:-2.85609999999997
Easting:114.723955
Description:",WPT, , ,2024-02-01T07:54:55+08:00,9.503040000000000,B30b,3.450000000000000,0.120000000000000,0.710000000000000,0.310000000000000,0.922941029072000
270,0,S8,"Northing:-2.85540999999998
Easting:114.724275
Description:",WPT, , ,2024-02-01T08:02:42+08:00,7.610000000000000,B30b,3.450000000000000,0.120000000000000,0.710000000000000,0.310000000000000,0.908056974411000
271,0,S8,"Northing:-2.85600999999999
Easting:114.724813333333
Description:",WPT, , ,2024-02-01T08:04:12+08:00,7.000000000000000,B30b,3.450000000000000,0.120000000000000,0.710000000000000,0.310000000000000,0.918803989887000
272,0,S9,"Northing:-2.85581666666666
Easting:114.72555
Description:",WPT, , ,2024-02-01T08:07:10+08:00,6.018800000000000,B30b,3.450000000000000,0.120000000000000,0.710000000000000,0.310000000000000,0.874150991440000
273,0,S23,"Northing:-2.85059333333334
Easting:114.730561666667
Description:",WPT, , ,2024-02-01T09:30:05+08:00,8.866989999999999,B30b,3.450000000000000,0.120000000000000,0.710000000000000,0.310000000000000,0.910835027695000
274,0,S24,"Northing:-2.85027288555023
Easting:114.731264552217
Description:",WPT, , ,2024-02-01T09:52:21+08:00,8.457340000000000,B30b,3.450000000000000,0.120000000000000,0.710000000000000,0.310000000000000,0.941473007202000
275,0,S1,"Northing:-2.86062333333333
Easting:114.724871666667
Description:",WPT, , ,2024-02-02T07:44:07+08:00,7.643270000000000,B31,3.510000000000000,0.120000000000000,0.720000000000000,0.270000000000000,0.896566987038000
276,0,S10,"Northing:-2.85911166666666
Easting:114.725513333333
Description:",WPT, , ,2024-02-02T08:04:32+08:00,9.289809999999999,B31,3.510000000000000,0.120000000000000,0.720000000000000,0.270000000000000,0.912436008453000
277,0,S11,"Northing:-2.85843
Easting:114.724976666667
Description:",WPT, , ,2024-02-02T08:08:05+08:00,9.348000000000001,B31,3.510000000000000,0.120000000000000,0.720000000000000,0.270000000000000,0.893894016743000
278,0,S12,"Northing:-2.85782333333332
Easting:114.724433333333
Description:",WPT, , ,2024-02-02T08:10:06+08:00,8.953440000000001,B31,3.510000000000000,0.120000000000000,0.720000000000000,0.270000000000000,0.894048988819000
279,0,S13,"Northing:-2.85722166666667
Easting:114.724801666667
Description:",WPT, , ,2024-02-02T08:13:54+08:00,0.000000000000000,B31,3.510000000000000,0.120000000000000,0.720000000000000,0.270000000000000,0.905431985855000
280,0,S14,"Northing:-2.85777499999998
Easting:114.725283333333
Description:",WPT, , ,2024-02-02T08:16:26+08:00,10.960200000000000,B31,3.510000000000000,0.120000000000000,0.720000000000000,0.270000000000000,0.924714982510000
281,0,S15,"Northing:-2.85852913252584
Easting:114.72585907603
Description:",WPT, , ,2024-02-02T08:21:00+08:00,9.934680000000000,B31,3.510000000000000,0.120000000000000,0.720000000000000,0.270000000000000,0.909808993340000
282,0,S16,"Northing:-2.85912999999999
Easting:114.726388333333
Description:",WPT, , ,2024-02-02T08:20:19+08:00,8.133740000000000,B31,3.510000000000000,0.120000000000000,0.720000000000000,0.270000000000000,0.868259012699000
283,0,S17,"Northing:-2.858765
Easting:114.727125
Description:",WPT, , ,2024-02-02T08:24:29+08:00,9.516200000000000,B31,3.510000000000000,0.120000000000000,0.720000000000000,0.270000000000000,0.898777008057000
284,0,S18,"Northing:-2.85799833333333
Easting:114.726568333333
Description:",WPT, , ,2024-02-02T08:26:22+08:00,8.075080000000000,B31,3.510000000000000,0.120000000000000,0.720000000000000,0.270000000000000,0.909218013287000
285,0,S19,"Northing:-2.85755701953064
Easting:114.726103686197
Description:",WPT, , ,2024-02-02T08:28:17+08:00,7.826950000000000,B31,3.510000000000000,0.120000000000000,0.720000000000000,0.270000000000000,0.913563013077000
286,0,S2,"Northing:-2.85991999999999
Easting:114.724311666667
Description:",WPT, , ,2024-02-02T07:41:42+08:00,7.810000000000000,B31,3.510000000000000,0.120000000000000,0.720000000000000,0.270000000000000,0.893935024738000
287,0,S20,"Northing:-2.85712999999999
Easting:114.7255
Description:",WPT, , ,2024-02-02T08:30:21+08:00,0.000000000000000,B31,3.510000000000000,0.120000000000000,0.720000000000000,0.270000000000000,0.925444006920000
288,0,S21,"Northing:-2.85630666666667
Easting:114.725825
Description:",WPT, , ,2024-02-02T08:33:25+08:00,7.416880000000000,B31,3.510000000000000,0.120000000000000,0.720000000000000,0.270000000000000,0.906583011150000
289,0,S22,"Northing:-2.85691166666665
Easting:114.72635
Description:",WPT, , ,2024-02-02T08:36:05+08:00,8.005480000000000,B31,3.510000000000000,0.120000000000000,0.720000000000000,0.270000000000000,0.924696028233000
290,0,S23,"Northing:-2.85758333333331
Easting:114.727035
Description:",WPT, , ,2024-02-02T08:38:24+08:00,7.602200000000000,B31,3.510000000000000,0.120000000000000,0.720000000000000,0.270000000000000,0.879912018776000
291,0,S24,"Northing:-2.85822499999999
Easting:114.727356666667
Description:",WPT, , ,2024-02-02T08:40:17+08:00,7.610000000000000,B31,3.510000000000000,0.120000000000000,0.720000000000000,0.270000000000000,0.913303017616000
292,0,S25,"Northing:-2.85790333333332
Easting:114.72807
Description:",WPT, , ,2024-02-02T08:43:16+08:00,6.452000000000000,B31,3.510000000000000,0.120000000000000,0.720000000000000,0.270000000000000,0.905623972416000
293,0,S26,"Northing:-2.85664666666667
Easting:114.72702
Description:",WPT, , ,2024-02-02T08:46:56+08:00,6.675580000000000,B31,3.510000000000000,0.120000000000000,0.720000000000000,0.270000000000000,0.910800993443000
294,0,S27,"Northing:-2.85597166666665
Easting:114.726546666667
Description:",WPT, , ,2024-02-02T08:49:29+08:00,0.000000000000000,B31,3.510000000000000,0.120000000000000,0.720000000000000,0.270000000000000,0.904657006264000
295,0,S28,"Northing:-2.85541333333334
Easting:114.726835
Description:",WPT, , ,2024-02-02T08:52:22+08:00,0.000000000000000,B31,3.510000000000000,0.120000000000000,0.720000000000000,0.270000000000000,0.898890972137000
296,0,S29,"Northing:-2.856695
Easting:114.728183333333
Description:",WPT, , ,2024-02-02T08:56:57+08:00,0.000000000000000,B31,3.510000000000000,0.120000000000000,0.720000000000000,0.270000000000000,0.914053976536000
297,0,S3,"Northing:-2.85930166666667
Easting:114.723796666667
Description:",WPT, , ,2024-02-02T07:39:16+08:00,8.364000000000001,B31,3.510000000000000,0.120000000000000,0.720000000000000,0.270000000000000,0.897499978542000
298,0,S30,"Northing:-2.85741333333331
Easting:114.728781666667
Description:",WPT, , ,2024-02-02T08:59:48+08:00,6.194430000000000,B31,3.510000000000000,0.120000000000000,0.720000000000000,0.270000000000000,0.904733002186000
299,0,S31,"Northing:-2.85680833333333
Easting:114.729198333333
Description:",WPT, , ,2024-02-02T09:02:37+08:00,7.662140000000000,B31,3.510000000000000,0.120000000000000,0.720000000000000,0.270000000000000,0.908782005310000
300,0,S32,"Northing:-2.85633499999998
Easting:114.728676666667
Description:",WPT, , ,2024-02-02T09:04:34+08:00,7.338430000000000,B31,3.510000000000000,0.120000000000000,0.720000000000000,0.270000000000000,0.883795976639000
301,0,S33,"Northing:-2.85558833333331
Easting:114.728146666667
Description:",WPT, , ,2024-02-02T09:07:05+08:00,7.920700000000000,B31,3.510000000000000,0.120000000000000,0.720000000000000,0.270000000000000,0.897791981697000
302,0,S34,"Northing:-2.85492999999998
Easting:114.727625
Description:",WPT, , ,2024-02-02T09:09:23+08:00,6.450000000000000,B31,3.510000000000000,0.120000000000000,0.720000000000000,0.270000000000000,0.931662023067000
303,0,S35,"Northing:-2.85448000000001
Easting:114.727933333333
Description:",WPT, , ,2024-02-02T09:14:48+08:00,7.176320000000000,B31,3.510000000000000,0.120000000000000,0.720000000000000,0.270000000000000,0.871016025543000
304,0,S36,"Northing:-2.85508833333332
Easting:114.728555
Description:",WPT, , ,2024-02-02T09:15:34+08:00,8.000000000000000,B31,3.510000000000000,0.120000000000000,0.720000000000000,0.270000000000000,0.901951014996000
305,0,S37,"Northing:-2.85571999999999
Easting:114.729018333333
Description:",WPT, , ,2024-02-02T09:17:58+08:00,7.724130000000000,B31,3.510000000000000,0.120000000000000,0.720000000000000,0.270000000000000,0.879613995552000
306,0,S38,"Northing:-2.85634
Easting:114.729595
Description:",WPT, , ,2024-02-02T09:20:19+08:00,9.084000000000000,B31,3.510000000000000,0.120000000000000,0.720000000000000,0.270000000000000,0.911770999432000
307,0,S39,"Northing:-2.85596666666665
Easting:114.730256666667
Description:",WPT, , ,2024-02-02T09:23:34+08:00,9.036479999999999,B31,3.510000000000000,0.120000000000000,0.720000000000000,0.270000000000000,0.923157989979000
308,0,S4,"Northing:-2.85872
Easting:114.723248333333
Description:",WPT, , ,2024-02-02T07:37:05+08:00,8.914000000000000,B31,3.510000000000000,0.120000000000000,0.720000000000000,0.270000000000000,0.933170974255000
309,0,S40,"Northing:-2.85500333333334
Easting:114.729438333333
Description:",WPT, , ,2024-02-02T09:26:34+08:00,7.032000000000000,B31,3.510000000000000,0.120000000000000,0.720000000000000,0.270000000000000,0.925346970558000
310,0,S41,"Northing:-2.85400833333334
Easting:114.728595
Description:",WPT, , ,2024-02-02T09:29:57+08:00,7.438120000000000,B31,3.510000000000000,0.120000000000000,0.720000000000000,0.270000000000000,0.923056006432000
311,0,S42,"Northing:-2.85364333333332
Easting:114.729125
Description:",WPT, , ,2024-02-02T09:34:59+08:00,9.832599999999999,B31,3.510000000000000,0.120000000000000,0.720000000000000,0.270000000000000,0.904047012329000
312,0,S43,"Northing:-2.854245
Easting:114.729616666667
Description:",WPT, , ,2024-02-02T09:36:43+08:00,10.272800000000000,B31,3.510000000000000,0.120000000000000,0.720000000000000,0.270000000000000,0.908649027348000
313,0,S44,"Northing:-2.85478666666666
Easting:114.73008
Description:",WPT, , ,2024-02-02T09:38:42+08:00,7.066820000000000,B31,3.510000000000000,0.120000000000000,0.720000000000000,0.270000000000000,0.911884009838000
314,0,S45,"Northing:-2.85542666666666
Easting:114.730575
Description:",WPT, , ,2024-02-02T09:40:52+08:00,9.465999999999999,B31,3.510000000000000,0.120000000000000,0.720000000000000,0.270000000000000,0.937893986702000
315,0,S46,"Northing:-2.85516833333333
Easting:114.731548333333
Description:",WPT, , ,2024-02-02T09:43:57+08:00,8.394000000000000,B31,3.510000000000000,0.120000000000000,0.720000000000000,0.270000000000000,0.918510973454000
316,0,S47,"Northing:-2.85453333333333
Easting:114.730861666667
Description:",WPT, , ,2024-02-02T09:46:10+08:00,9.000000000000000,B31,3.510000000000000,0.120000000000000,0.720000000000000,0.270000000000000,0.906753003597000
317,0,S48,"Northing:-2.85379499999999
Easting:114.730278333333
Description:",WPT, , ,2024-02-02T09:49:31+08:00,9.661350000000001,B31,3.510000000000000,0.120000000000000,0.720000000000000,0.270000000000000,0.800203979015000
318,0,S49,"Northing:-2.85313999999998
Easting:114.729685
Description:",WPT, , ,2024-02-02T09:51:36+08:00,10.000000000000000,B31,3.510000000000000,0.120000000000000,0.720000000000000,0.270000000000000,0.634553015232000
319,0,S5,"Northing:-2.85812166666666
Easting:114.723671666667
Description:",WPT, , ,2024-02-02T07:52:29+08:00,8.782000000000000,B31,3.510000000000000,0.120000000000000,0.720000000000000,0.270000000000000,0.917850971222000
320,0,S50,"Northing:-2.85273666666664
Easting:114.730155
Description:",WPT, , ,2024-02-03T08:21:13+08:00,11.082599999999999,B31,3.510000000000000,0.120000000000000,0.720000000000000,0.270000000000000,0.867237985134000
321,0,S51,"Northing:-2.85340999999999
Easting:114.730673333333
Description:",WPT, , ,2024-02-03T08:23:19+08:00,9.165950000000000,B31,3.510000000000000,0.120000000000000,0.720000000000000,0.270000000000000,0.866087973118000
322,0,S52,"Northing:-2.85410999999998
Easting:114.731286666667
Description:",WPT, , ,2024-02-03T08:25:42+08:00,10.039999999999999,B31,3.510000000000000,0.120000000000000,0.720000000000000,0.270000000000000,0.905528008938000
323,0,S53,"Northing:-2.85472166666666
Easting:114.731825
Description:",WPT, , ,2024-02-03T08:27:41+08:00,8.429140000000000,B31,3.510000000000000,0.120000000000000,0.720000000000000,0.270000000000000,0.886440992355000
324,0,S54,"Northing:-2.85417166666665
Easting:114.732393333333
Description:",WPT, , ,2024-02-03T08:30:42+08:00,0.000000000000000,B31,3.510000000000000,0.120000000000000,0.720000000000000,0.270000000000000,0.915368974209000
325,0,S55,"Northing:-2.85354499999998
Easting:114.731881666667
Description:",WPT, , ,2024-02-03T08:32:52+08:00,12.988000000000000,B31,3.510000000000000,0.120000000000000,0.720000000000000,0.270000000000000,0.878122985363000
326,0,S56,"Northing:-2.85292160186515
Easting:114.731367282632
Description:",WPT, , ,2024-02-03T08:37:36+08:00,8.995260000000000,B31,3.510000000000000,0.120000000000000,0.720000000000000,0.270000000000000,0.893629014492000
327,0,S57,"Northing:-2.85231166666665
Easting:114.73083
Description:",WPT, , ,2024-02-03T08:37:10+08:00,9.012000000000000,B31,3.510000000000000,0.120000000000000,0.720000000000000,0.270000000000000,0.907359004021000
328,0,S58,"Northing:-2.85187166666665
Easting:114.731215
Description:",WPT, , ,2024-02-03T08:40:47+08:00,9.164009999999999,B31,3.510000000000000,0.120000000000000,0.720000000000000,0.270000000000000,0.919149994850000
329,0,S59,"Northing:-2.85244465990941
Easting:114.731760986485
Description:",WPT, , ,2024-02-03T08:43:33+08:00,8.000000000000000,B31,3.510000000000000,0.120000000000000,0.720000000000000,0.270000000000000,0.872545003891000
330,0,S6,"Northing:-2.858645
Easting:114.724075
Description:",WPT, , ,2024-02-02T07:54:29+08:00,9.792000000000000,B31,3.510000000000000,0.120000000000000,0.720000000000000,0.270000000000000,0.902794003487000
331,0,S60,"Northing:-2.85304166666666
Easting:114.732295
Description:",WPT, , ,2024-02-03T08:46:04+08:00,9.664199999999999,B31,3.510000000000000,0.120000000000000,0.720000000000000,0.270000000000000,0.868897974491000
332,0,S61,"Northing:-2.85365333333332
Easting:114.732795
Description:",WPT, , ,2024-02-03T08:48:12+08:00,8.508580000000000,B31,3.510000000000000,0.120000000000000,0.720000000000000,0.270000000000000,0.910387992859000
333,0,S62,"Northing:-2.85330999999999
Easting:114.73356
Description:",WPT, , ,2024-02-03T08:51:24+08:00,8.916000000000000,B31,3.510000000000000,0.120000000000000,0.720000000000000,0.270000000000000,0.897628009319000
334,0,S63,"Northing:-2.85257955012412
Easting:114.732925578412
Description:",WPT, , ,2024-02-03T08:54:05+08:00,8.000000000000000,B31,3.510000000000000,0.120000000000000,0.720000000000000,0.270000000000000,0.889823973179000
335,0,S64,"Northing:-2.85194666666667
Easting:114.732396666667
Description:",WPT, , ,2024-02-03T08:56:24+08:00,9.000000000000000,B31,3.510000000000000,0.120000000000000,0.720000000000000,0.270000000000000,0.896816015244000
336,0,S65,"Northing:-2.85131499999998
Easting:114.731898333333
Description:",WPT, , ,2024-02-03T08:59:01+08:00,7.266000000000000,B31,3.510000000000000,0.120000000000000,0.720000000000000,0.270000000000000,0.887567996979000
337,0,S66,"Northing:-2.85095502859852
Easting:114.732366515522
Description:",WPT, , ,2024-02-03T09:01:52+08:00,8.000000000000000,B31,3.510000000000000,0.120000000000000,0.720000000000000,0.270000000000000,0.897638976574000
338,0,S67,"Northing:-2.851523414937
Easting:114.732764708008
Description:",WPT, , ,2024-02-03T09:02:38+08:00,8.000000000000000,B31,3.510000000000000,0.120000000000000,0.720000000000000,0.270000000000000,0.915018975735000
339,0,S68,"Northing:-2.85208175658699
Easting:114.733310525565
Description:",WPT, , ,2024-02-03T09:03:29+08:00,7.959410000000000,B31,3.510000000000000,0.120000000000000,0.720000000000000,0.270000000000000,0.893579006195000
340,0,S69,"Northing:-2.85273881515578
Easting:114.733880045512
Description:",WPT, , ,2024-02-03T09:04:13+08:00,7.167640000000000,B31,3.510000000000000,0.120000000000000,0.720000000000000,0.270000000000000,0.894486010075000
341,0,S7,"Northing:-2.85939333333333
Easting:114.724708333333
Description:",WPT, , ,2024-02-02T07:56:46+08:00,10.959199999999999,B31,3.510000000000000,0.120000000000000,0.720000000000000,0.270000000000000,0.887156009674000
342,0,S70,"Northing:-2.85233763096735
Easting:114.734546129528
Description:",WPT, , ,2024-02-03T09:10:05+08:00,9.370550000000000,B31,3.510000000000000,0.120000000000000,0.720000000000000,0.270000000000000,0.902477979660000
343,0,S71,"Northing:-2.85147441057936
Easting:114.733812955873
Description:",WPT, , ,2024-02-03T09:10:41+08:00,9.642480000000001,B31,3.510000000000000,0.120000000000000,0.720000000000000,0.270000000000000,0.893433988094000
344,0,S72,"Northing:-2.85091535264565
Easting:114.733349027716
Description:",WPT, , ,2024-02-03T09:12:29+08:00,7.391590000000000,B31,3.510000000000000,0.120000000000000,0.720000000000000,0.270000000000000,0.922666013241000
345,0,S73,"Northing:-2.85029359333624
Easting:114.732827279066
Description:",WPT, , ,2024-02-03T09:13:43+08:00,5.989850000000000,B31,3.510000000000000,0.120000000000000,0.720000000000000,0.270000000000000,0.879634022713000
346,0,S8,"Northing:-2.86003636773248
Easting:114.725283671853
Description:",WPT, , ,2024-02-02T07:58:41+08:00,7.128150000000000,B31,3.510000000000000,0.120000000000000,0.720000000000000,0.270000000000000,0.906917989254000
347,0,S9,"Northing:-2.85971499999999
Easting:114.726035
Description:",WPT, , ,2024-02-02T08:02:11+08:00,9.433120000000001,B31,3.510000000000000,0.120000000000000,0.720000000000000,0.270000000000000,0.872209012508000